{"id":1526716,"items":[{"id":1526717,"status":2,"title":"Skincare - principal","order":0,"templateKey":null,"pageLinks":["1526984"]},{"id":1526973,"status":2,"title":"Blog Template","order":0,"templateKey":"blog","pageLinks":[]},{"id":1526974,"status":2,"title":"Product List Template","order":0,"templateKey":"products","pageLinks":[]},{"id":1526975,"status":2,"title":"404 Not Found Template","order":0,"templateKey":"404","pageLinks":[]},{"id":1526977,"status":2,"title":"Login Template","order":0,"templateKey":"login","pageLinks":[]},{"id":1526978,"status":2,"title":"Shopping Cart Template","order":0,"templateKey":"cart","pageLinks":[]},{"id":1526979,"status":2,"title":"Product Details Template","order":0,"templateKey":"product","pageLinks":[]},{"id":1526980,"status":2,"title":"Post Template","order":0,"templateKey":"post","pageLinks":[]},{"id":1526984,"status":2,"title":"Información por dermatólogos","order":0,"templateKey":null,"pageLinks":[]}],"metaTags":"","order":"0","headHtml":"","customCss":"","headerHtml":"<section class=\"u-clearfix u-header u-white u-block-2cdd-1\" custom-posts-hash=\"T\" data-style=\"header-logo-menu-oneline\" data-post-id=\"91508071\" data-section-properties=\"{&quot;grid-spacing&quot;:&quot;0&quot;,&quot;align&quot;:&quot;left&quot;,&quot;stretch&quot;:true}\" id=\"sec-8229\" data-source=\"\" data-id=\"2cdd\">\n  <div class=\"u-align-left u-clearfix u-sheet u-block-2cdd-2\">\n    \n    \n  <img class=\"u-image u-image-default u-block-2cdd-12\" src=\"np://user.desktop.nicepage.com/Site_1526716/images/logo_size.jpg\" alt=\"\" data-image-width=\"192\" data-image-height=\"192\"><nav class=\"u-menu u-menu-dropdown u-offcanvas u-block-2cdd-4\" data-responsive-from=\"XL\">\n      <div class=\"menu-collapse\" style=\"font-size: 1rem; letter-spacing: 0px; font-weight: 500;\">\n        <a class=\"u-button-style u-custom-active-color u-custom-border u-custom-border-color u-custom-hover-color u-custom-left-right-menu-spacing u-custom-padding-bottom u-custom-text-active-color u-custom-text-color u-custom-text-hover-color u-custom-top-bottom-menu-spacing u-nav-link\" href=\"#\" style=\"padding: 3px 0px; font-size: calc(1em + 6px);\">\n          <svg class=\"u-svg-link\" preserveAspectRatio=\"xMidYMin slice\" viewBox=\"0 0 302 302\" style=\"undefined\">\n            <use xlink:href=\"#svg-a760\"></use>\n          </svg>\n          <svg xmlns=\"http://www.w3.org/2000/svg\" xmlns:xlink=\"http://www.w3.org/1999/xlink\" version=\"1.1\" id=\"svg-a760\" x=\"0px\" y=\"0px\" viewBox=\"0 0 302 302\" style=\"enable-background:new 0 0 302 302;\" xml:space=\"preserve\" class=\"u-svg-content\">\n            <g>\n              <rect y=\"36\" width=\"302\" height=\"30\"></rect>\n              <rect y=\"236\" width=\"302\" height=\"30\"></rect>\n              <rect y=\"136\" width=\"302\" height=\"30\"></rect>\n            </g>\n            <g></g>\n            <g></g>\n            <g></g>\n            <g></g>\n            <g></g>\n            <g></g>\n            <g></g>\n            <g></g>\n            <g></g>\n            <g></g>\n            <g></g>\n            <g></g>\n            <g></g>\n            <g></g>\n            <g></g>\n          </svg>\n        </a>\n      </div>\n      <div class=\"u-custom-menu u-nav-container\">\n        <ul class=\"u-nav u-spacing-2 u-unstyled u-block-2cdd-9\"><li class=\"u-nav-item\"><a class=\"u-active-grey-5 u-button-style u-hover-grey-10 u-nav-link u-text-active-grey-90 u-text-grey-90 u-text-hover-grey-90\" href=\"/Home.html\" data-page-id=\"38003\" target=\"_blank\" style=\"padding: 10px 26px 10px 20px;\">Rutinas para cada tipo de piel</a><div class=\"fake u-hidden u-nav-popup\"><ul class=\"u-h-spacing-20 u-nav u-unstyled u-v-spacing-10 u-block-2cdd-13\"><li class=\"u-nav-item\"><a class=\"u-button-style u-nav-link u-white\" href=\"#\">Opción del menú1</a></li><li class=\"u-nav-item\"><a class=\"u-button-style u-nav-link u-white\" href=\"#\">Opción del menú2</a></li><li class=\"u-nav-item\"><a class=\"u-button-style u-nav-link u-white\" href=\"#\">Opción del menú3</a></li></ul></div></li><li class=\"u-nav-item\"><a class=\"u-active-grey-5 u-button-style u-hover-grey-10 u-nav-link u-text-active-grey-90 u-text-grey-90 u-text-hover-grey-90\" target=\"_blank\" style=\"padding: 10px 26px 10px 20px;\">Marcas recomendadas</a></li><li class=\"u-nav-item\"><a class=\"u-active-grey-5 u-button-style u-hover-grey-10 u-nav-link u-text-active-grey-90 u-text-grey-90 u-text-hover-grey-90\" href=\"/Información-por-dermatólogos.html\" data-page-id=\"1526984\" style=\"padding: 10px 26px 10px 20px;\">Información por dermatólogos</a></li></ul>\n      </div>\n      <div class=\"u-custom-menu u-nav-container-collapse\">\n        <div class=\"u-black u-container-style u-inner-container-layout u-opacity u-opacity-95 u-sidenav u-block-2cdd-6\"><div class=\"u-inner-container-layout u-sidenav-overflow\">\n          <div class=\"u-menu-close u-block-2cdd-7\"></div>\n          <ul class=\"u-align-center u-nav u-popupmenu-items u-unstyled u-block-2cdd-8\"><li class=\"u-nav-item\"><a class=\"u-button-style u-nav-link\" href=\"/Home.html\" data-page-id=\"38003\" target=\"_blank\" style=\"padding: 10px 26px 10px 20px;\">Rutinas para cada tipo de piel</a><div class=\"fake u-hidden u-nav-popup\"><ul class=\"u-h-spacing-20 u-nav u-unstyled u-v-spacing-10 u-block-2cdd-14\"><li class=\"u-nav-item\"><a class=\"u-button-style u-nav-link\" href=\"#\">Opción del menú1</a></li><li class=\"u-nav-item\"><a class=\"u-button-style u-nav-link\" href=\"#\">Opción del menú2</a></li><li class=\"u-nav-item\"><a class=\"u-button-style u-nav-link\" href=\"#\">Opción del menú3</a></li></ul></div></li><li class=\"u-nav-item\"><a class=\"u-button-style u-nav-link\" target=\"_blank\" style=\"padding: 10px 26px 10px 20px;\">Marcas recomendadas</a></li><li class=\"u-nav-item\"><a class=\"u-button-style u-nav-link\" href=\"/Información-por-dermatólogos.html\" data-page-id=\"1526984\" style=\"padding: 10px 26px 10px 20px;\">Información por dermatólogos</a></li></ul>\n        </div></div>\n        <div class=\"u-black u-menu-overlay u-opacity u-opacity-70\"></div>\n      </div>\n    </nav></div>\n  <style data-mode=\"XL\" data-visited=\"true\">@media (min-width: 1200px){ .u-block-2cdd-1 {background-image: none}\n.u-block-2cdd-2 {min-height: 114px}\n.u-block-2cdd-12 {width: 296.5px; height: 114.438px; margin-top: 0px; margin-right: auto; margin-bottom: 0px; margin-left: 0px}\n.u-block-2cdd-4 {margin-top: -70.6563px; margin-right: 24.8595px; margin-bottom: 42.6563px; margin-left: auto}\n.u-block-2cdd-9 {font-size: 1rem; letter-spacing: 0px; font-weight: 500}\n.u-block-2cdd-13 {box-shadow: 2px 2px 8px 0 rgba(var(--grey-50-r),var(--grey-50-g),var(--grey-50-b),1)}\n.u-block-2cdd-8 {font-size: 1.25rem}\n.u-block-2cdd-14 {box-shadow: 2px 2px 8px 0 rgba(var(--grey-50-r),var(--grey-50-g),var(--grey-50-b),1)} }</style>\n  <style data-mode=\"LG\">@media (max-width: 1199px) and (min-width: 992px){ .u-block-2cdd-1 {background-image: none}\n.u-block-2cdd-2 {min-height: 114px}\n.u-block-2cdd-12 {width: 297px; height: 115px; margin-top: 0px; margin-right: auto; margin-bottom: 0px; margin-left: 0px}\n.u-block-2cdd-4 {margin-top: -71px; margin-right: 25px; margin-bottom: 42.6563px; margin-left: auto}\n.u-block-2cdd-9 {font-size: 1rem; letter-spacing: 0px; font-weight: 500}\n.u-block-2cdd-13 {box-shadow: 2px 2px 8px 0 rgba(var(--grey-50-r),var(--grey-50-g),var(--grey-50-b),1)}\n.u-block-2cdd-8 {font-size: 1.25rem}\n.u-block-2cdd-14 {box-shadow: 2px 2px 8px 0 rgba(var(--grey-50-r),var(--grey-50-g),var(--grey-50-b),1)} }</style>\n  <style data-mode=\"MD\">@media (max-width: 991px) and (min-width: 768px){ .u-block-2cdd-1 {background-image: none}\n.u-block-2cdd-2 {min-height: 114px}\n.u-block-2cdd-12 {width: 297px; height: 115px; margin-top: 0px; margin-right: auto; margin-bottom: 0px; margin-left: 0px}\n.u-block-2cdd-4 {margin-top: -71px; margin-right: 25px; margin-bottom: 42.6563px; margin-left: auto}\n.u-block-2cdd-9 {font-size: 1rem; letter-spacing: 0px; font-weight: 500}\n.u-block-2cdd-13 {box-shadow: 2px 2px 8px 0 rgba(var(--grey-50-r),var(--grey-50-g),var(--grey-50-b),1)}\n.u-block-2cdd-8 {font-size: 1.25rem}\n.u-block-2cdd-14 {box-shadow: 2px 2px 8px 0 rgba(var(--grey-50-r),var(--grey-50-g),var(--grey-50-b),1)} }</style>\n  <style data-mode=\"SM\">@media (max-width: 767px) and (min-width: 576px){ .u-block-2cdd-1 {background-image: none}\n.u-block-2cdd-2 {min-height: 114px}\n.u-block-2cdd-12 {width: 297px; height: 115px; margin-top: 0px; margin-right: auto; margin-bottom: 0px; margin-left: 0px}\n.u-block-2cdd-4 {margin-top: -71px; margin-right: 25px; margin-bottom: 42.6563px; margin-left: auto}\n.u-block-2cdd-9 {font-size: 1rem; letter-spacing: 0px; font-weight: 500}\n.u-block-2cdd-13 {box-shadow: 2px 2px 8px 0 rgba(var(--grey-50-r),var(--grey-50-g),var(--grey-50-b),1)}\n.u-block-2cdd-8 {font-size: 1.25rem}\n.u-block-2cdd-14 {box-shadow: 2px 2px 8px 0 rgba(var(--grey-50-r),var(--grey-50-g),var(--grey-50-b),1)} }</style>\n  <style data-mode=\"XS\">@media (max-width: 575px){ .u-block-2cdd-1 {background-image: none}\n.u-block-2cdd-2 {min-height: 114px}\n.u-block-2cdd-12 {width: 297px; height: 115px; margin-top: 0px; margin-right: auto; margin-bottom: 0px; margin-left: 0px}\n.u-block-2cdd-4 {margin-top: -71px; margin-right: 25px; margin-bottom: 42.6563px; margin-left: auto}\n.u-block-2cdd-9 {font-size: 1rem; letter-spacing: 0px; font-weight: 500}\n.u-block-2cdd-13 {box-shadow: 2px 2px 8px 0 rgba(var(--grey-50-r),var(--grey-50-g),var(--grey-50-b),1)}\n.u-block-2cdd-8 {font-size: 1.25rem}\n.u-block-2cdd-14 {box-shadow: 2px 2px 8px 0 rgba(var(--grey-50-r),var(--grey-50-g),var(--grey-50-b),1)} }</style>\n</section>","footerHtml":"<section class=\"u-clearfix u-footer u-palette-5-dark-3 u-block-e393-1\" custom-posts-hash=\"[T,T,T]\" data-style=\"footer-3-cols\" data-post-id=\"3459605550;2128482347;2128482347\" data-section-properties=\"{&quot;grid-spacing&quot;:&quot;30&quot;,&quot;spacingAdditional&quot;:&quot;none&quot;,&quot;align&quot;:&quot;center&quot;,&quot;stretch&quot;:true}\" id=\"sec-abf8\" data-source=\"\" data-id=\"e393\">\n  <div class=\"u-clearfix u-sheet u-block-e393-2\" data-height-sm=\"444\" data-height-lg=\"192\" data-height-md=\"192\" data-height-xs=\"81\">\n    <div class=\"u-clearfix u-expanded-width u-gutter-30 u-layout-wrap u-block-e393-3\">\n      <div class=\"u-gutter-0 u-layout\">\n        <div class=\"u-layout-row\">\n          <div class=\"u-align-left u-container-style u-layout-cell u-left-cell u-size-20 u-size-20-md u-block-e393-4\">\n            <div class=\"u-container-layout u-valign-top u-block-e393-5\">\n              <h6 class=\"u-text u-block-e393-6\"><font style=\"vertical-align: inherit;\"><font style=\"vertical-align: inherit;\"><font style=\"vertical-align: inherit;\"><font style=\"vertical-align: inherit;\"><font style=\"vertical-align: inherit;\"><font style=\"vertical-align: inherit;\"><font style=\"vertical-align: inherit;\"><font style=\"vertical-align: inherit;\"><font style=\"vertical-align: inherit;\"><font style=\"vertical-align: inherit;\"><font style=\"vertical-align: inherit;\"><font style=\"vertical-align: inherit;\">Titular</font></font></font></font></font></font></font></font></font></font></font></font></h6>\n              <p class=\"u-small-text u-text u-text-variant u-block-e393-7\">Cinthia Dennis Lujan Alvarez</p>\n            </div>\n          </div>\n          <div class=\"u-align-left u-container-style u-layout-cell u-size-20 u-size-20-md u-block-e393-8\">\n            <div class=\"u-container-layout u-valign-top u-block-e393-9\">\n              <h6 class=\"u-text u-block-e393-10\"><font style=\"vertical-align: inherit;\"><font style=\"vertical-align: inherit;\"><font style=\"vertical-align: inherit;\"><font style=\"vertical-align: inherit;\"><font style=\"vertical-align: inherit;\"><font style=\"vertical-align: inherit;\"><font style=\"vertical-align: inherit;\"><font style=\"vertical-align: inherit;\"><font style=\"vertical-align: inherit;\"><font style=\"vertical-align: inherit;\"><font style=\"vertical-align: inherit;\"><font style=\"vertical-align: inherit;\">Titular</font></font></font></font></font></font></font></font></font></font></font></font></h6>\n              <p class=\"u-small-text u-text u-text-variant u-block-e393-11\">Cristina Sicairos Covarrubias</p>\n            </div>\n          </div>\n          <div class=\"u-align-left u-container-style u-layout-cell u-right-cell u-size-20 u-size-20-md u-block-e393-12\">\n            <div class=\"u-container-layout u-block-e393-13\">\n              <h6 class=\"u-text u-block-e393-14\"><font style=\"vertical-align: inherit;\"><font style=\"vertical-align: inherit;\"><font style=\"vertical-align: inherit;\"><font style=\"vertical-align: inherit;\"><font style=\"vertical-align: inherit;\"><font style=\"vertical-align: inherit;\"><font style=\"vertical-align: inherit;\"><font style=\"vertical-align: inherit;\"><font style=\"vertical-align: inherit;\"><font style=\"vertical-align: inherit;\"><font style=\"vertical-align: inherit;\"><font style=\"vertical-align: inherit;\">Titular</font></font></font></font></font></font></font></font></font></font></font></font></h6>\n              <p class=\"u-small-text u-text u-text-variant u-block-e393-15\">Vianney Perez Chavez</p>\n            </div>\n          </div>\n        </div>\n      </div>\n    </div>\n  </div>\n  <style data-mode=\"XL\" data-visited=\"true\">@media (min-width: 1200px){ .u-block-e393-2 {min-height: 209px}\n.u-block-e393-3 {margin-top: 58.453px; margin-bottom: 60px}\n.u-block-e393-4 {min-height: 102px}\n.u-block-e393-5 {padding-left: 30px; padding-right: 30px}\n.u-block-e393-6 {margin-top: 5px; margin-left: 0px; margin-right: 0px; margin-bottom: 0px}\n.u-block-e393-7 {margin-top: 20px; margin-bottom: 20px; margin-left: 0px; margin-right: 0px}\n.u-block-e393-8 {min-height: 102px; background-image: none}\n.u-block-e393-9 {padding-left: 30px; padding-right: 30px}\n.u-block-e393-10 {margin-top: 5px; margin-left: 0px; margin-right: 0px; margin-bottom: 0px}\n.u-block-e393-11 {margin-top: 20px; margin-bottom: 20px; margin-left: 0px; margin-right: 0px}\n.u-block-e393-12 {min-height: 119px; background-image: none}\n.u-block-e393-13 {padding-left: 30px; padding-right: 30px}\n.u-block-e393-14 {margin-top: 5px; margin-left: 0px; margin-right: 0px; margin-bottom: 0px}\n.u-block-e393-15 {margin-top: 20px; margin-left: 0px; margin-right: 0px; margin-bottom: 0px} }</style>\n  <style data-mode=\"LG\" data-visited=\"true\">@media (max-width: 1199px) and (min-width: 992px){ .u-block-e393-2 {min-height: 192px}\n.u-block-e393-3 {margin-top: 58.453px; margin-bottom: 60px}\n.u-block-e393-4 {min-height: 102px}\n.u-block-e393-5 {padding-left: 24.7369px; padding-right: 24.7369px}\n.u-block-e393-6 {margin-top: 5px; margin-left: 0px; margin-right: 0px; margin-bottom: 0px}\n.u-block-e393-7 {margin-top: 20px; margin-bottom: 20px; margin-left: 0px; margin-right: 0px}\n.u-block-e393-8 {min-height: 102px; background-image: none}\n.u-block-e393-9 {padding-left: 24.7369px; padding-right: 24.7369px}\n.u-block-e393-10 {margin-top: 5px; margin-left: 0px; margin-right: 0px; margin-bottom: 0px}\n.u-block-e393-11 {margin-top: 20px; margin-bottom: 20px; margin-left: 0px; margin-right: 0px}\n.u-block-e393-12 {min-height: 102px; background-image: none}\n.u-block-e393-13 {padding-left: 24.7369px; padding-right: 24.7369px}\n.u-block-e393-14 {margin-top: 5px; margin-left: 0px; margin-right: 0px; margin-bottom: 0px}\n.u-block-e393-15 {margin-top: 20px; margin-bottom: 0px; margin-left: 0px; margin-right: 0px} }</style>\n  <style data-mode=\"MD\" data-visited=\"true\">@media (max-width: 991px) and (min-width: 768px){ .u-block-e393-2 {min-height: 81px}\n.u-block-e393-3 {margin-top: 58.453px; margin-bottom: 60px}\n.u-block-e393-4 {min-height: 102px}\n.u-block-e393-5 {padding-left: 18.9474px; padding-right: 18.9474px}\n.u-block-e393-6 {margin-top: 5px; margin-left: 0px; margin-right: 0px; margin-bottom: 0px}\n.u-block-e393-7 {margin-top: 20px; margin-bottom: 20px; margin-left: 0px; margin-right: 0px}\n.u-block-e393-8 {min-height: 102px; background-image: none}\n.u-block-e393-9 {padding-left: 18.9474px; padding-right: 18.9474px}\n.u-block-e393-10 {margin-top: 5px; margin-left: 0px; margin-right: 0px; margin-bottom: 0px}\n.u-block-e393-11 {margin-top: 20px; margin-bottom: 20px; margin-left: 0px; margin-right: 0px}\n.u-block-e393-12 {min-height: 102px; background-image: none}\n.u-block-e393-13 {padding-left: 18.9474px; padding-right: 18.9474px}\n.u-block-e393-14 {margin-top: 5px; margin-left: 0px; margin-right: 0px; margin-bottom: 0px}\n.u-block-e393-15 {margin-top: 20px; margin-bottom: 0px; margin-left: 0px; margin-right: 0px} }</style>\n  <style data-mode=\"SM\" data-visited=\"true\">@media (max-width: 767px) and (min-width: 576px){ .u-block-e393-2 {min-height: 81px}\n.u-block-e393-3 {margin-top: 58.453px; margin-bottom: 45px}\n.u-block-e393-4 {min-height: 118px}\n.u-block-e393-5 {padding-left: 14.2106px; padding-right: 14.2106px}\n.u-block-e393-6 {margin-top: 5px; margin-left: 0px; margin-right: 0px; margin-bottom: 0px}\n.u-block-e393-7 {margin-top: 20px; margin-bottom: 20px; margin-left: 0px; margin-right: 0px}\n.u-block-e393-8 {min-height: 118px; background-image: none}\n.u-block-e393-9 {padding-left: 14.2106px; padding-right: 14.2106px}\n.u-block-e393-10 {margin-top: 5px; margin-left: 0px; margin-right: 0px; margin-bottom: 0px}\n.u-block-e393-11 {margin-top: 20px; margin-bottom: 20px; margin-left: 0px; margin-right: 0px}\n.u-block-e393-12 {min-height: 118px; background-image: none}\n.u-block-e393-13 {padding-left: 14.2106px; padding-right: 14.2106px}\n.u-block-e393-14 {margin-top: 5px; margin-left: 0px; margin-right: 0px; margin-bottom: 0px}\n.u-block-e393-15 {margin-top: 20px; margin-bottom: 0px; margin-left: 0px; margin-right: 0px} }</style>\n  <style data-mode=\"XS\" data-visited=\"true\">@media (max-width: 575px){ .u-block-e393-2 {min-height: 81px}\n.u-block-e393-3 {margin-top: 58.453px; margin-bottom: 45px}\n.u-block-e393-4 {min-height: 118px}\n.u-block-e393-5 {padding-left: 8.9474px; padding-right: 8.9474px}\n.u-block-e393-6 {margin-top: 5px; margin-left: 0px; margin-right: 0px; margin-bottom: 0px; position: relative}\n.u-block-e393-7 {margin-top: 20px; margin-bottom: 20px; margin-left: 0px; margin-right: 0px; position: relative}\n.u-block-e393-8 {min-height: 118px; background-image: none}\n.u-block-e393-9 {padding-left: 8.9474px; padding-right: 8.9474px}\n.u-block-e393-10 {margin-top: 5px; margin-left: 0px; margin-right: 0px; margin-bottom: 0px; position: relative}\n.u-block-e393-11 {margin-top: 20px; margin-bottom: 20px; margin-left: 0px; margin-right: 0px; position: relative}\n.u-block-e393-12 {min-height: 118px; background-image: none}\n.u-block-e393-13 {padding-left: 8.9474px; padding-right: 8.9474px}\n.u-block-e393-14 {margin-top: 5px; margin-left: 0px; margin-right: 0px; margin-bottom: 0px; position: relative}\n.u-block-e393-15 {margin-top: 20px; margin-bottom: 0px; margin-left: 0px; margin-right: 0px; position: relative} }</style>\n</section>","hideBacklink":null,"homePageId":1526717,"dateUpdated":1646374599993,"settings":"{\"id\":0,\"colorScheme\":{\"bodyColors\":[\"#111111\",\"#ffffff\"],\"bgColor\":\"#ffffff\",\"colors\":[\"#59bec1\",\"#ffdd6a\",\"#8bc9ba\",\"#f4e1cb\",\"#dddbd9\"],\"customColors\":[{\"color\":\"#d7c8b6\",\"status\":0,\"transparency\":1,\"index\":0}],\"shadingContrast\":\"body-alt-color\",\"whiteContrast\":\"body-color\",\"bgContrast\":\"body-color\",\"name\":\"u10\"},\"fontScheme\":{\"name\":\"Oswald-OpenSans\",\"isDefault\":true,\"fonts\":{\"heading\":\"Oswald, sans-serif\",\"text\":\"Open Sans, sans-serif\",\"accent\":\"Arial, sans-serif\",\"headingTitle\":\"Oswald\",\"textTitle\":\"Open Sans\"}},\"typography\":{\"name\":\"custom-page-typography-2\",\"title\":{\"font-weight\":\"700\",\"line-height\":\"1_1\",\"font-size\":3.75,\"margin-top\":20,\"margin-bottom\":20,\"text-color\":\"palette-5-dark-3\"},\"subtitle\":{\"font-weight\":\"700\",\"line-height\":\"1_2\",\"font-size\":2.25,\"margin-top\":20,\"margin-bottom\":20,\"text-color\":\"palette-5-dark-2\"},\"h1\":{\"font-weight\":\"700\",\"line-height\":\"1_1\",\"font-size\":3.75,\"margin-top\":20,\"margin-bottom\":20,\"text-color\":\"palette-5-dark-3\"},\"h2\":{\"font-weight\":\"700\",\"line-height\":\"1_2\",\"font-size\":2.25,\"margin-top\":20,\"margin-bottom\":20,\"text-color\":\"palette-5-dark-3\"},\"h3\":{\"font-weight\":\"700\",\"line-height\":\"1_2\",\"font-size\":1.875,\"margin-top\":20,\"margin-bottom\":20,\"text-color\":\"palette-5-dark-3\",\"text-transform\":\"uppercase\"},\"h4\":{\"font-weight\":\"700\",\"line-height\":\"1_2\",\"font-size\":1.5,\"margin-top\":20,\"margin-bottom\":20,\"text-color\":\"palette-5-dark-3\"},\"h5\":{\"font-weight\":\"700\",\"line-height\":\"1_2\",\"font-size\":1.25,\"margin-top\":20,\"margin-bottom\":20,\"text-color\":\"palette-5-dark-3\"},\"h6\":{\"font-weight\":\"700\",\"line-height\":\"1_2\",\"font-size\":1.125,\"margin-top\":20,\"margin-bottom\":20,\"text-color\":\"palette-5-dark-3\"},\"largeText\":{\"bold\":false,\"line-height\":\"1_6\",\"font-size\":1,\"margin-top\":20,\"margin-bottom\":20,\"text-color\":\"palette-5-dark-3\"},\"text\":{\"bold\":false,\"line-height\":\"1_6\",\"font-size\":1,\"margin-top\":20,\"margin-bottom\":20},\"smallText\":{\"bold\":false,\"line-height\":\"1_6\",\"font-size\":0.875,\"margin-top\":20,\"margin-bottom\":20},\"link\":{},\"button\":{\"letter-spacing\":\"1\",\"font-size\":1,\"line-height\":\"1_4\",\"color\":\"palette-5-dark-1\",\"margin-top\":20,\"margin-bottom\":20,\"text-transform\":\"uppercase\"},\"blockquote\":{\"font-style\":\"italic\",\"line-height\":\"1_6\",\"font-size\":1.25,\"indent\":20,\"border\":4,\"border-color\":\"palette-5-dark-2\",\"margin-top\":20,\"margin-bottom\":20,\"border-style\":\"solid\"},\"metadata\":{\"font-size\":0.75,\"line-height\":\"1_4\",\"margin-top\":20,\"margin-bottom\":20},\"list\":{\"margin-top\":20,\"margin-bottom\":20},\"orderedlist\":{\"margin-top\":20,\"margin-bottom\":20},\"postContent\":{\"margin-top\":20,\"margin-bottom\":20},\"theme\":{\"gradient\":\"\",\"image\":\"\",\"sheet-width-xl\":1140,\"sheet-width-lg\":940,\"sheet-width-md\":720,\"sheet-width-sm\":540,\"sheet-width-xs\":340},\"htmlBaseSize\":16,\"hyperlink\":{\"text-color\":\"palette-1-base\"}},\"backToTop\":\"<span style=\\\"height: 64px; width: 64px; margin-left: 0px; margin-right: auto; margin-top: 0px; background-image: none; right: 20px; bottom: 20px\\\" class=\\\"u-back-to-top u-icon u-icon-circle u-opacity u-opacity-85 u-palette-1-base u-spacing-15\\\" data-href=\\\"#\\\">\\n        <svg class=\\\"u-svg-link\\\" preserveAspectRatio=\\\"xMidYMin slice\\\" viewBox=\\\"0 0 551.13 551.13\\\">\\n            <use xmlns:xlink=\\\"http://www.w3.org/1999/xlink\\\" xlink:href=\\\"#svg-1d98\\\"></use>\\n        </svg>\\n        <svg class=\\\"u-svg-content\\\" enable-background=\\\"new 0 0 551.13 551.13\\\" viewBox=\\\"0 0 551.13 551.13\\\" xmlns=\\\"http://www.w3.org/2000/svg\\\" id=\\\"svg-1d98\\\">\\n            <path d=\\\"m275.565 189.451 223.897 223.897h51.668l-275.565-275.565-275.565 275.565h51.668z\\\"></path>\\n        </svg>\\n    </span>\",\"cookiesSection\":\"<section class=\\\"u-align-center u-block-9ca1-1 u-clearfix u-cookies-consent u-grey-80\\\" custom-posts-hash=\\\"T\\\" style=\\\"background-image: none\\\" data-post-id=\\\"1\\\" data-section-properties=\\\"{&quot;stretch&quot;:true}\\\" data-id=\\\"9ca1\\\" data-posts-content=\\\"[{'images':[],'maps':[],'videos':[],'icons':[],'textWidth':874,'textHeight':152,'id':1,'headingProp':'h3','textProp':'text'}]\\\" data-style=\\\"cookie-1\\\" id=\\\"sec-6576\\\" data-source=\\\"\\\">\\n  <div class=\\\"u-block-9ca1-2 u-clearfix u-sheet\\\" style=\\\"min-height: 212px\\\" data-height-lg=\\\"158\\\" data-height-md=\\\"131\\\" data-height-sm=\\\"106\\\" data-height-xs=\\\"225\\\">\\n    <div class=\\\"u-block-9ca1-7 u-clearfix u-expanded-width u-layout-wrap\\\" style=\\\"margin-top: 30px; margin-bottom: 30px\\\">\\n      <div class=\\\"u-gutter-0 u-layout\\\">\\n        <div class=\\\"u-layout-row\\\">\\n          <div class=\\\"u-block-9ca1-8 u-container-style u-layout-cell u-left-cell u-size-43-md u-size-43-sm u-size-43-xs u-size-46-lg u-size-46-xl\\\" style=\\\"min-height: 152px\\\">\\n            <div class=\\\"u-block-9ca1-9 u-container-layout\\\" style=\\\"padding-top: 30px; padding-bottom: 30px; padding-left: 60px; padding-right: 60px\\\">\\n              <h3 class=\\\"u-block-9ca1-6 u-text u-text-default\\\" style=\\\"margin-top: 11.2033px; margin-right: 20px; margin-bottom: 0px\\\">Cookies &amp; Privacy</h3>\\n              \\n            </div>\\n          </div>\\n          <div class=\\\"u-align-left u-block-9ca1-10 u-container-style u-layout-cell u-right-cell u-size-14-lg u-size-14-xl u-size-17-md u-size-17-sm u-size-17-xs\\\" style=\\\"min-height: 152px\\\">\\n            <div class=\\\"u-block-9ca1-11 u-container-layout u-valign-middle-lg u-valign-middle-md u-valign-middle-xl u-valign-top-sm u-valign-top-xs\\\" style=\\\"padding-top: 30px; padding-bottom: 30px; padding-left: 30px; padding-right: 30px\\\">\\n              <a href=\\\"###\\\" class=\\\"u-block-9ca1-3 u-btn u-button-confirm u-button-style u-palette-1-base\\\" style=\\\"margin-top: 0px; margin-right: auto; margin-bottom: 0px; margin-left: 0px\\\">Confirm</a>\\n            </div>\\n          </div>\\n        </div>\\n      </div>\\n    </div>\\n  </div>\\n  <style data-mode=\\\"XL\\\" data-visited=\\\"true\\\">@media (max-width: 0px) { .u-block-9ca1-1 {background-image: none}\\n.u-block-9ca1-2 {min-height: 212px}\\n.u-block-9ca1-7 {margin-top: 30px; margin-bottom: 30px}\\n.u-block-9ca1-8 {min-height: 152px}\\n.u-block-9ca1-9 {padding-top: 30px; padding-bottom: 30px; padding-left: 60px; padding-right: 60px}\\n.u-block-9ca1-6 {margin-top: 11.2033px; margin-right: 20px; margin-bottom: 0px}\\n.u-block-9ca1-10 {min-height: 152px}\\n.u-block-9ca1-11 {padding-top: 30px; padding-bottom: 30px; padding-left: 30px; padding-right: 30px}\\n.u-block-9ca1-3 {margin-top: 0px; margin-right: auto; margin-bottom: 0px; margin-left: 0px} }</style>\\n  <style data-mode=\\\"LG\\\">@media (max-width: 0px) { .u-block-9ca1-1 {background-image: none}\\n.u-block-9ca1-2 {min-height: 131px}\\n.u-block-9ca1-7 {margin-top: 30px; margin-bottom: 30px}\\n.u-block-9ca1-8 {min-height: 125px}\\n.u-block-9ca1-9 {padding-top: 30px; padding-bottom: 30px; padding-left: 60px; padding-right: 60px}\\n.u-block-9ca1-6 {margin-top: 0px; margin-right: 0px; margin-bottom: 0px}\\n.u-block-9ca1-10 {min-height: 125px}\\n.u-block-9ca1-11 {padding-top: 30px; padding-bottom: 30px; padding-left: 30px; padding-right: 30px}\\n.u-block-9ca1-3 {margin-top: 0px; margin-right: auto; margin-bottom: 0px; margin-left: 0px} }</style>\\n  <style data-mode=\\\"MD\\\" data-visited=\\\"true\\\">@media (max-width: 0px) { .u-block-9ca1-1 {background-image: none}\\n.u-block-9ca1-2 {min-height: 106px}\\n.u-block-9ca1-7 {margin-top: 30px; margin-bottom: 30px}\\n.u-block-9ca1-8 {min-height: 100px}\\n.u-block-9ca1-9 {padding-top: 30px; padding-bottom: 30px; padding-left: 30px; padding-right: 30px}\\n.u-block-9ca1-6 {margin-top: 0px; margin-right: 0px; margin-bottom: 0px}\\n.u-block-9ca1-10 {min-height: 100px}\\n.u-block-9ca1-11 {padding-top: 30px; padding-bottom: 30px; padding-left: 30px; padding-right: 30px}\\n.u-block-9ca1-3 {margin-top: 0px; margin-right: auto; margin-bottom: 0px; margin-left: 0px} }</style>\\n  <style data-mode=\\\"SM\\\" data-visited=\\\"true\\\">@media (max-width: 0px) { .u-block-9ca1-1 {background-image: none}\\n.u-block-9ca1-2 {min-height: 225px}\\n.u-block-9ca1-7 {margin-top: 30px; margin-bottom: 30px}\\n.u-block-9ca1-8 {min-height: 154px}\\n.u-block-9ca1-9 {padding-top: 30px; padding-left: 10px; padding-right: 10px; padding-bottom: 20px}\\n.u-block-9ca1-6 {margin-top: 0px; margin-right: 0px; margin-bottom: 0px}\\n.u-block-9ca1-10 {min-height: 65px}\\n.u-block-9ca1-11 {padding-top: 10px; padding-bottom: 10px; padding-left: 10px; padding-right: 10px}\\n.u-block-9ca1-3 {margin-top: 0px; margin-right: auto; margin-bottom: 0px; margin-left: 0px} }</style>\\n  <style data-mode=\\\"XS\\\" data-visited=\\\"true\\\">@media (max-width: 0px) { .u-block-9ca1-1 {background-image: none}\\n.u-block-9ca1-2 {min-height: 121px}\\n.u-block-9ca1-7 {margin-top: 30px; margin-bottom: 30px}\\n.u-block-9ca1-8 {min-height: 100px}\\n.u-block-9ca1-9 {padding-top: 30px; padding-bottom: 20px; padding-left: 10px; padding-right: 10px}\\n.u-block-9ca1-6 {margin-top: 0px; margin-right: 0px; margin-bottom: 0px}\\n.u-block-9ca1-10 {min-height: 15px}\\n.u-block-9ca1-11 {padding-top: 10px; padding-bottom: 10px; padding-left: 10px; padding-right: 10px}\\n.u-block-9ca1-3 {margin-top: 0px; margin-right: auto; margin-bottom: 0px; margin-left: 0px} }</style>\\n</section>\",\"themeBackLinks\":\"\",\"blog\":\"{\\\"posts\\\":{\\\"items\\\":[]}}\",\"title\":\"lamejorpiel\",\"homePageId\":1526717,\"description\":\"\",\"keywords\":\"\",\"analytics\":\"\",\"googleTagManager\":\"\",\"googleOptimizeId\":\"\",\"captchaSiteKey\":\"\",\"captchaSecretKey\":\"\",\"metaTags\":\"\",\"headHtml\":\"\",\"customCss\":\"\",\"themeAuthor\":\"Cinthia Dennis Lujan Alvarez \",\"themeAuthorUrl\":\"\",\"themeVersion\":\"1.0\",\"themeUrl\":\"\",\"themeTags\":\"skincare, cuidado de la piel, rutinas\",\"themeDescription\":\"una página creada por alumnas de 6to semestre\",\"domain\":\"\",\"showBrand\":\"true\",\"favicon\":\"\",\"whiteLabelTitle\":\"Nicepage\",\"whiteLabelLogoSmall\":\"\",\"whiteLabelLogoBig\":\"\",\"whiteLabelAuthor\":\"Nicepage https://www.nicepage.com\",\"whiteLabelAuthorUrl\":\"https://nicepage.com/\",\"whiteLabelDescription\":\"Design websites with any images and texts in seconds!\",\"themeThumbnail\":\"\",\"cookies\":\"false\",\"cookieConfirmCode\":\"\",\"embedFonts\":\"false\",\"lazyLoading\":\"false\",\"lang\":\"es\",\"country\":\"MX\",\"clientMode\":\"false\",\"disableOpenGraph\":\"false\",\"analyticsCode\":\"\",\"captchaScript\":\"\",\"themeGenerator\":\"\"}","dialog":null,"title":"lamejorpiel","siteStyleCss":"<style id=\"color-scheme\" color-scheme=\"u10\" color-style=\"monochrome-1\">.u-body {\n--none: transparent;\n--none-darker: transparent;\n--none-r: 255;\n--none-g: 255;\n--none-b: 255;\n--none-contrast: body-color;\n--none-contrast-darker: body-color;\n--none-text-color: var(--body-color);\n--transparent: transparent;\n--transparent-darker: transparent;\n--transparent-r: 255;\n--transparent-g: 255;\n--transparent-b: 255;\n--transparent-contrast: body-color;\n--transparent-contrast-darker: body-color;\n--transparent-text-color: var(--body-color);\n--custom-color-1: #d7c8b6;\n--custom-color-1-darker: #c9b59c;\n--custom-color-1-r: 215;\n--custom-color-1-g: 200;\n--custom-color-1-b: 182;\n--custom-color-1-contrast: black;\n--custom-color-1-contrast-darker: white;\n--custom-color-1-text-color: var(--body-color);\n--body-color: #111111;\n--body-color-darker: #0f0f0f;\n--body-color-r: 17;\n--body-color-g: 17;\n--body-color-b: 17;\n--body-color-contrast: white;\n--body-color-contrast-darker: white;\n--body-color-text-color: var(--body-alt-color);\n--body-alt-color: #ffffff;\n--body-alt-color-darker: #e6e6e6;\n--body-alt-color-r: 255;\n--body-alt-color-g: 255;\n--body-alt-color-b: 255;\n--body-alt-color-contrast: black;\n--body-alt-color-contrast-darker: black;\n--body-alt-color-text-color: var(--body-color);\n--bg-color: #ffffff;\n--bg-color-darker: #e6e6e6;\n--bg-color-r: 255;\n--bg-color-g: 255;\n--bg-color-b: 255;\n--bg-color-contrast: black;\n--bg-color-contrast-darker: black;\n--bg-color-text-color: var(--body-color);\n--palette-1-base: #59bec1;\n--palette-1-base-darker: #45b5b9;\n--palette-1-base-r: 89;\n--palette-1-base-g: 190;\n--palette-1-base-b: 193;\n--palette-1-base-contrast: white;\n--palette-1-base-contrast-darker: white;\n--palette-1-base-text-color: var(--body-alt-color);\n--palette-1-dark-3: #293333;\n--palette-1-dark-3-darker: #252e2e;\n--palette-1-dark-3-r: 41;\n--palette-1-dark-3-g: 51;\n--palette-1-dark-3-b: 51;\n--palette-1-dark-3-contrast: white;\n--palette-1-dark-3-contrast-darker: white;\n--palette-1-dark-3-text-color: var(--body-alt-color);\n--palette-1-dark-2: #446162;\n--palette-1-dark-2-darker: #3d5758;\n--palette-1-dark-2-r: 68;\n--palette-1-dark-2-g: 97;\n--palette-1-dark-2-b: 98;\n--palette-1-dark-2-contrast: white;\n--palette-1-dark-2-contrast-darker: white;\n--palette-1-dark-2-text-color: var(--body-alt-color);\n--palette-1-dark-1: #549092;\n--palette-1-dark-1-darker: #4c8283;\n--palette-1-dark-1-r: 84;\n--palette-1-dark-1-g: 144;\n--palette-1-dark-1-b: 146;\n--palette-1-dark-1-contrast: white;\n--palette-1-dark-1-contrast-darker: white;\n--palette-1-dark-1-text-color: var(--body-alt-color);\n--palette-1: #59bec1;\n--palette-1-darker: #45b5b9;\n--palette-1-r: 89;\n--palette-1-g: 190;\n--palette-1-b: 193;\n--palette-1-contrast: white;\n--palette-1-contrast-darker: white;\n--palette-1-text-color: var(--body-alt-color);\n--palette-1-light-1: #84d1d4;\n--palette-1-light-1-darker: #6bc7cb;\n--palette-1-light-1-r: 132;\n--palette-1-light-1-g: 209;\n--palette-1-light-1-b: 212;\n--palette-1-light-1-contrast: black;\n--palette-1-light-1-contrast-darker: white;\n--palette-1-light-1-text-color: var(--body-color);\n--palette-1-light-2: #b5e5e6;\n--palette-1-light-2-darker: #96dadc;\n--palette-1-light-2-r: 181;\n--palette-1-light-2-g: 229;\n--palette-1-light-2-b: 230;\n--palette-1-light-2-contrast: black;\n--palette-1-light-2-contrast-darker: black;\n--palette-1-light-2-text-color: var(--body-color);\n--palette-1-light-3: #ebf8f9;\n--palette-1-light-3-darker: #c6ebee;\n--palette-1-light-3-r: 235;\n--palette-1-light-3-g: 248;\n--palette-1-light-3-b: 249;\n--palette-1-light-3-contrast: black;\n--palette-1-light-3-contrast-darker: black;\n--palette-1-light-3-text-color: var(--body-color);\n--palette-2-base: #ffdd6a;\n--palette-2-base-darker: #ffd546;\n--palette-2-base-r: 255;\n--palette-2-base-g: 221;\n--palette-2-base-b: 106;\n--palette-2-base-contrast: black;\n--palette-2-base-contrast-darker: black;\n--palette-2-base-text-color: var(--body-color);\n--palette-2-dark-3: #333129;\n--palette-2-dark-3-darker: #2e2c25;\n--palette-2-dark-3-r: 51;\n--palette-2-dark-3-g: 49;\n--palette-2-dark-3-b: 41;\n--palette-2-dark-3-contrast: white;\n--palette-2-dark-3-contrast-darker: white;\n--palette-2-dark-3-text-color: var(--body-alt-color);\n--palette-2-dark-2: #6c6447;\n--palette-2-dark-2-darker: #615a40;\n--palette-2-dark-2-r: 108;\n--palette-2-dark-2-g: 100;\n--palette-2-dark-2-b: 71;\n--palette-2-dark-2-contrast: white;\n--palette-2-dark-2-contrast-darker: white;\n--palette-2-dark-2-text-color: var(--body-alt-color);\n--palette-2-dark-1: #a59355;\n--palette-2-dark-1-darker: #95844d;\n--palette-2-dark-1-r: 165;\n--palette-2-dark-1-g: 147;\n--palette-2-dark-1-b: 85;\n--palette-2-dark-1-contrast: white;\n--palette-2-dark-1-contrast-darker: white;\n--palette-2-dark-1-text-color: var(--body-alt-color);\n--palette-2: #debe52;\n--palette-2-darker: #d9b438;\n--palette-2-r: 222;\n--palette-2-g: 190;\n--palette-2-b: 82;\n--palette-2-contrast: black;\n--palette-2-contrast-darker: white;\n--palette-2-text-color: var(--body-color);\n--palette-2-light-1: #ffdd6a;\n--palette-2-light-1-darker: #ffd546;\n--palette-2-light-1-r: 255;\n--palette-2-light-1-g: 221;\n--palette-2-light-1-b: 106;\n--palette-2-light-1-contrast: black;\n--palette-2-light-1-contrast-darker: black;\n--palette-2-light-1-text-color: var(--body-color);\n--palette-2-light-2: #ffecad;\n--palette-2-light-2-darker: #ffe282;\n--palette-2-light-2-r: 255;\n--palette-2-light-2-g: 236;\n--palette-2-light-2-b: 173;\n--palette-2-light-2-contrast: black;\n--palette-2-light-2-contrast-darker: black;\n--palette-2-light-2-text-color: var(--body-color);\n--palette-2-light-3: #fffcf0;\n--palette-2-light-3-darker: #fff2bf;\n--palette-2-light-3-r: 255;\n--palette-2-light-3-g: 252;\n--palette-2-light-3-b: 240;\n--palette-2-light-3-contrast: black;\n--palette-2-light-3-contrast-darker: black;\n--palette-2-light-3-text-color: var(--body-color);\n--palette-3-base: #8bc9ba;\n--palette-3-base-darker: #74beac;\n--palette-3-base-r: 139;\n--palette-3-base-g: 201;\n--palette-3-base-b: 186;\n--palette-3-base-contrast: black;\n--palette-3-base-contrast-darker: white;\n--palette-3-base-text-color: var(--body-color);\n--palette-3-dark-3: #293331;\n--palette-3-dark-3-darker: #252e2c;\n--palette-3-dark-3-r: 41;\n--palette-3-dark-3-g: 51;\n--palette-3-dark-3-b: 49;\n--palette-3-dark-3-contrast: white;\n--palette-3-dark-3-contrast-darker: white;\n--palette-3-dark-3-text-color: var(--body-alt-color);\n--palette-3-dark-2: #4d655f;\n--palette-3-dark-2-darker: #455b56;\n--palette-3-dark-2-r: 77;\n--palette-3-dark-2-g: 101;\n--palette-3-dark-2-b: 95;\n--palette-3-dark-2-contrast: white;\n--palette-3-dark-2-contrast-darker: white;\n--palette-3-dark-2-text-color: var(--body-alt-color);\n--palette-3-dark-1: #6e978d;\n--palette-3-dark-1-darker: #62897f;\n--palette-3-dark-1-r: 110;\n--palette-3-dark-1-g: 151;\n--palette-3-dark-1-b: 141;\n--palette-3-dark-1-contrast: white;\n--palette-3-dark-1-contrast-darker: white;\n--palette-3-dark-1-text-color: var(--body-alt-color);\n--palette-3: #8bc9ba;\n--palette-3-darker: #74beac;\n--palette-3-r: 139;\n--palette-3-g: 201;\n--palette-3-b: 186;\n--palette-3-contrast: black;\n--palette-3-contrast-darker: white;\n--palette-3-text-color: var(--body-color);\n--palette-3-light-1: #aad9ce;\n--palette-3-light-1-darker: #8fcdbf;\n--palette-3-light-1-r: 170;\n--palette-3-light-1-g: 217;\n--palette-3-light-1-b: 206;\n--palette-3-light-1-contrast: black;\n--palette-3-light-1-contrast-darker: black;\n--palette-3-light-1-text-color: var(--body-color);\n--palette-3-light-2: #cde9e2;\n--palette-3-light-2-darker: #afdcd0;\n--palette-3-light-2-r: 205;\n--palette-3-light-2-g: 233;\n--palette-3-light-2-b: 226;\n--palette-3-light-2-contrast: black;\n--palette-3-light-2-contrast-darker: black;\n--palette-3-light-2-text-color: var(--body-color);\n--palette-3-light-3: #f2faf8;\n--palette-3-light-3-darker: #ceece5;\n--palette-3-light-3-r: 242;\n--palette-3-light-3-g: 250;\n--palette-3-light-3-b: 248;\n--palette-3-light-3-contrast: black;\n--palette-3-light-3-contrast-darker: black;\n--palette-3-light-3-text-color: var(--body-color);\n--palette-4-base: #f4e1cb;\n--palette-4-base-darker: #eccca6;\n--palette-4-base-r: 244;\n--palette-4-base-g: 225;\n--palette-4-base-b: 203;\n--palette-4-base-contrast: black;\n--palette-4-base-contrast-darker: black;\n--palette-4-base-text-color: var(--body-color);\n--palette-4-dark-3: #332e29;\n--palette-4-dark-3-darker: #2e2925;\n--palette-4-dark-3-r: 51;\n--palette-4-dark-3-g: 46;\n--palette-4-dark-3-b: 41;\n--palette-4-dark-3-contrast: white;\n--palette-4-dark-3-contrast-darker: white;\n--palette-4-dark-3-text-color: var(--body-alt-color);\n--palette-4-dark-2: #61574c;\n--palette-4-dark-2-darker: #574e44;\n--palette-4-dark-2-r: 97;\n--palette-4-dark-2-g: 87;\n--palette-4-dark-2-b: 76;\n--palette-4-dark-2-contrast: white;\n--palette-4-dark-2-contrast-darker: white;\n--palette-4-dark-2-text-color: var(--body-alt-color);\n--palette-4-dark-1: #907f6c;\n--palette-4-dark-1-darker: #827261;\n--palette-4-dark-1-r: 144;\n--palette-4-dark-1-g: 127;\n--palette-4-dark-1-b: 108;\n--palette-4-dark-1-contrast: white;\n--palette-4-dark-1-contrast-darker: white;\n--palette-4-dark-1-text-color: var(--body-alt-color);\n--palette-4: #bea68a;\n--palette-4-darker: #b29675;\n--palette-4-r: 190;\n--palette-4-g: 166;\n--palette-4-b: 138;\n--palette-4-contrast: white;\n--palette-4-contrast-darker: white;\n--palette-4-text-color: var(--body-alt-color);\n--palette-4-light-1: #d9c3a9;\n--palette-4-light-1-darker: #cdb08e;\n--palette-4-light-1-r: 217;\n--palette-4-light-1-g: 195;\n--palette-4-light-1-b: 169;\n--palette-4-light-1-contrast: black;\n--palette-4-light-1-contrast-darker: white;\n--palette-4-light-1-text-color: var(--body-color);\n--palette-4-light-2: #f4e1cb;\n--palette-4-light-2-darker: #eccca6;\n--palette-4-light-2-r: 244;\n--palette-4-light-2-g: 225;\n--palette-4-light-2-b: 203;\n--palette-4-light-2-contrast: black;\n--palette-4-light-2-contrast-darker: black;\n--palette-4-light-2-text-color: var(--body-color);\n--palette-4-light-3: #fefcf9;\n--palette-4-light-3-darker: #f7e6ce;\n--palette-4-light-3-r: 254;\n--palette-4-light-3-g: 252;\n--palette-4-light-3-b: 249;\n--palette-4-light-3-contrast: black;\n--palette-4-light-3-contrast-darker: black;\n--palette-4-light-3-text-color: var(--body-color);\n--palette-5-base: #dddbd9;\n--palette-5-base-darker: #c8c5c2;\n--palette-5-base-r: 221;\n--palette-5-base-g: 219;\n--palette-5-base-b: 217;\n--palette-5-base-contrast: black;\n--palette-5-base-contrast-darker: black;\n--palette-5-base-text-color: var(--body-color);\n--palette-5-dark-3: #332e29;\n--palette-5-dark-3-darker: #2e2925;\n--palette-5-dark-3-r: 51;\n--palette-5-dark-3-g: 46;\n--palette-5-dark-3-b: 41;\n--palette-5-dark-3-contrast: white;\n--palette-5-dark-3-contrast-darker: white;\n--palette-5-dark-3-text-color: var(--body-alt-color);\n--palette-5-dark-2: #61564c;\n--palette-5-dark-2-darker: #574d44;\n--palette-5-dark-2-r: 97;\n--palette-5-dark-2-g: 86;\n--palette-5-dark-2-b: 76;\n--palette-5-dark-2-contrast: white;\n--palette-5-dark-2-contrast-darker: white;\n--palette-5-dark-2-text-color: var(--body-alt-color);\n--palette-5-dark-1: #8e7e6d;\n--palette-5-dark-1-darker: #807162;\n--palette-5-dark-1-r: 142;\n--palette-5-dark-1-g: 126;\n--palette-5-dark-1-b: 109;\n--palette-5-dark-1-contrast: white;\n--palette-5-dark-1-contrast-darker: white;\n--palette-5-dark-1-text-color: var(--body-alt-color);\n--palette-5: #bca58e;\n--palette-5-darker: #b09579;\n--palette-5-r: 188;\n--palette-5-g: 165;\n--palette-5-b: 142;\n--palette-5-contrast: white;\n--palette-5-contrast-darker: white;\n--palette-5-text-color: var(--body-alt-color);\n--palette-5-light-1: #ccbfb1;\n--palette-5-light-1-darker: #bdac9a;\n--palette-5-light-1-r: 204;\n--palette-5-light-1-g: 191;\n--palette-5-light-1-b: 177;\n--palette-5-light-1-contrast: black;\n--palette-5-light-1-contrast-darker: white;\n--palette-5-light-1-text-color: var(--body-color);\n--palette-5-light-2: #dddbd9;\n--palette-5-light-2-darker: #c8c5c2;\n--palette-5-light-2-r: 221;\n--palette-5-light-2-g: 219;\n--palette-5-light-2-b: 217;\n--palette-5-light-2-contrast: black;\n--palette-5-light-2-contrast-darker: black;\n--palette-5-light-2-text-color: var(--body-color);\n--palette-5-light-3: #fcf9f7;\n--palette-5-light-3-darker: #eeded3;\n--palette-5-light-3-r: 252;\n--palette-5-light-3-g: 249;\n--palette-5-light-3-b: 247;\n--palette-5-light-3-contrast: black;\n--palette-5-light-3-contrast-darker: black;\n--palette-5-light-3-text-color: var(--body-color);\n--grey-40: #999999;\n--grey-40-darker: #8a8a8a;\n--grey-40-r: 153;\n--grey-40-g: 153;\n--grey-40-b: 153;\n--grey-40-contrast: white;\n--grey-40-contrast-darker: white;\n--grey-40-text-color: var(--body-alt-color);\n--grey-30: #b3b3b3;\n--grey-30-darker: #a1a1a1;\n--grey-30-r: 179;\n--grey-30-g: 179;\n--grey-30-b: 179;\n--grey-30-contrast: white;\n--grey-30-contrast-darker: white;\n--grey-30-text-color: var(--body-alt-color);\n--grey-25: #c0c0c0;\n--grey-25-darker: #adadad;\n--grey-25-r: 192;\n--grey-25-g: 192;\n--grey-25-b: 192;\n--grey-25-contrast: black;\n--grey-25-contrast-darker: white;\n--grey-25-text-color: var(--body-color);\n--white: #ffffff;\n--white-darker: #e6e6e6;\n--white-r: 255;\n--white-g: 255;\n--white-b: 255;\n--white-contrast: black;\n--white-contrast-darker: black;\n--white-text-color: var(--body-color);\n--grey-15: #d9d9d9;\n--grey-15-darker: #c3c3c3;\n--grey-15-r: 217;\n--grey-15-g: 217;\n--grey-15-b: 217;\n--grey-15-contrast: black;\n--grey-15-contrast-darker: black;\n--grey-15-text-color: var(--body-color);\n--grey-10: #e5e5e5;\n--grey-10-darker: #cecece;\n--grey-10-r: 229;\n--grey-10-g: 229;\n--grey-10-b: 229;\n--grey-10-contrast: black;\n--grey-10-contrast-darker: black;\n--grey-10-text-color: var(--body-color);\n--grey-5: #f2f2f2;\n--grey-5-darker: #dadada;\n--grey-5-r: 242;\n--grey-5-g: 242;\n--grey-5-b: 242;\n--grey-5-contrast: black;\n--grey-5-contrast-darker: black;\n--grey-5-text-color: var(--body-color);\n--grey-90: #1a1a1a;\n--grey-90-darker: #171717;\n--grey-90-r: 26;\n--grey-90-g: 26;\n--grey-90-b: 26;\n--grey-90-contrast: white;\n--grey-90-contrast-darker: white;\n--grey-90-text-color: var(--body-alt-color);\n--grey-80: #333333;\n--grey-80-darker: #2e2e2e;\n--grey-80-r: 51;\n--grey-80-g: 51;\n--grey-80-b: 51;\n--grey-80-contrast: white;\n--grey-80-contrast-darker: white;\n--grey-80-text-color: var(--body-alt-color);\n--grey-75: #404040;\n--grey-75-darker: #3a3a3a;\n--grey-75-r: 64;\n--grey-75-g: 64;\n--grey-75-b: 64;\n--grey-75-contrast: white;\n--grey-75-contrast-darker: white;\n--grey-75-text-color: var(--body-alt-color);\n--black: #000000;\n--black-darker: #000000;\n--black-r: 0;\n--black-g: 0;\n--black-b: 0;\n--black-contrast: white;\n--black-contrast-darker: white;\n--black-text-color: var(--body-alt-color);\n--grey-70: #4d4d4d;\n--grey-70-darker: #454545;\n--grey-70-r: 77;\n--grey-70-g: 77;\n--grey-70-b: 77;\n--grey-70-contrast: white;\n--grey-70-contrast-darker: white;\n--grey-70-text-color: var(--body-alt-color);\n--grey-60: #666666;\n--grey-60-darker: #5c5c5c;\n--grey-60-r: 102;\n--grey-60-g: 102;\n--grey-60-b: 102;\n--grey-60-contrast: white;\n--grey-60-contrast-darker: white;\n--grey-60-text-color: var(--body-alt-color);\n--grey-50: #808080;\n--grey-50-darker: #737373;\n--grey-50-r: 128;\n--grey-50-g: 128;\n--grey-50-b: 128;\n--grey-50-contrast: white;\n--grey-50-contrast-darker: white;\n--grey-50-text-color: var(--body-alt-color);\n--grey-dark-3: #212121;\n--grey-dark-3-darker: #1e1e1e;\n--grey-dark-3-r: 33;\n--grey-dark-3-g: 33;\n--grey-dark-3-b: 33;\n--grey-dark-3-contrast: white;\n--grey-dark-3-contrast-darker: white;\n--grey-dark-3-text-color: var(--body-alt-color);\n--grey-dark-2: #333333;\n--grey-dark-2-darker: #2e2e2e;\n--grey-dark-2-r: 51;\n--grey-dark-2-g: 51;\n--grey-dark-2-b: 51;\n--grey-dark-2-contrast: white;\n--grey-dark-2-contrast-darker: white;\n--grey-dark-2-text-color: var(--body-alt-color);\n--grey-dark-1: #454545;\n--grey-dark-1-darker: #3e3e3e;\n--grey-dark-1-r: 69;\n--grey-dark-1-g: 69;\n--grey-dark-1-b: 69;\n--grey-dark-1-contrast: white;\n--grey-dark-1-contrast-darker: white;\n--grey-dark-1-text-color: var(--body-alt-color);\n--grey: #b3b3b3;\n--grey-darker: #a1a1a1;\n--grey-r: 179;\n--grey-g: 179;\n--grey-b: 179;\n--grey-contrast: white;\n--grey-contrast-darker: white;\n--grey-text-color: var(--body-alt-color);\n--grey-light-1: #d9d9d9;\n--grey-light-1-darker: #c3c3c3;\n--grey-light-1-r: 217;\n--grey-light-1-g: 217;\n--grey-light-1-b: 217;\n--grey-light-1-contrast: black;\n--grey-light-1-contrast-darker: black;\n--grey-light-1-text-color: var(--body-color);\n--grey-light-2: #eeeeee;\n--grey-light-2-darker: #d6d6d6;\n--grey-light-2-r: 238;\n--grey-light-2-g: 238;\n--grey-light-2-b: 238;\n--grey-light-2-contrast: black;\n--grey-light-2-contrast-darker: black;\n--grey-light-2-text-color: var(--body-color);\n--grey-light-3: #f6f6f6;\n--grey-light-3-darker: #dddddd;\n--grey-light-3-r: 246;\n--grey-light-3-g: 246;\n--grey-light-3-b: 246;\n--grey-light-3-contrast: black;\n--grey-light-3-contrast-darker: black;\n--grey-light-3-text-color: var(--body-color);\n--color-1-base: #59bec1;\n--color-1-base-darker: #45b5b9;\n--color-1-base-r: 89;\n--color-1-base-g: 190;\n--color-1-base-b: 193;\n--color-1-base-contrast: white;\n--color-1-base-contrast-darker: white;\n--color-1-base-text-color: var(--body-alt-color);\n--color-1-dark-3: #293333;\n--color-1-dark-3-darker: #252e2e;\n--color-1-dark-3-r: 41;\n--color-1-dark-3-g: 51;\n--color-1-dark-3-b: 51;\n--color-1-dark-3-contrast: white;\n--color-1-dark-3-contrast-darker: white;\n--color-1-dark-3-text-color: var(--body-alt-color);\n--color-1-dark-2: #446162;\n--color-1-dark-2-darker: #3d5758;\n--color-1-dark-2-r: 68;\n--color-1-dark-2-g: 97;\n--color-1-dark-2-b: 98;\n--color-1-dark-2-contrast: white;\n--color-1-dark-2-contrast-darker: white;\n--color-1-dark-2-text-color: var(--body-alt-color);\n--color-1-dark-1: #549092;\n--color-1-dark-1-darker: #4c8283;\n--color-1-dark-1-r: 84;\n--color-1-dark-1-g: 144;\n--color-1-dark-1-b: 146;\n--color-1-dark-1-contrast: white;\n--color-1-dark-1-contrast-darker: white;\n--color-1-dark-1-text-color: var(--body-alt-color);\n--color-1: #59bec1;\n--color-1-darker: #45b5b9;\n--color-1-r: 89;\n--color-1-g: 190;\n--color-1-b: 193;\n--color-1-contrast: white;\n--color-1-contrast-darker: white;\n--color-1-text-color: var(--body-alt-color);\n--color-1-light-1: #84d1d4;\n--color-1-light-1-darker: #6bc7cb;\n--color-1-light-1-r: 132;\n--color-1-light-1-g: 209;\n--color-1-light-1-b: 212;\n--color-1-light-1-contrast: black;\n--color-1-light-1-contrast-darker: white;\n--color-1-light-1-text-color: var(--body-color);\n--color-1-light-2: #b5e5e6;\n--color-1-light-2-darker: #96dadc;\n--color-1-light-2-r: 181;\n--color-1-light-2-g: 229;\n--color-1-light-2-b: 230;\n--color-1-light-2-contrast: black;\n--color-1-light-2-contrast-darker: black;\n--color-1-light-2-text-color: var(--body-color);\n--color-1-light-3: #ebf8f9;\n--color-1-light-3-darker: #c6ebee;\n--color-1-light-3-r: 235;\n--color-1-light-3-g: 248;\n--color-1-light-3-b: 249;\n--color-1-light-3-contrast: black;\n--color-1-light-3-contrast-darker: black;\n--color-1-light-3-text-color: var(--body-color);\n--color-2-base: #ffdd6a;\n--color-2-base-darker: #ffd546;\n--color-2-base-r: 255;\n--color-2-base-g: 221;\n--color-2-base-b: 106;\n--color-2-base-contrast: black;\n--color-2-base-contrast-darker: black;\n--color-2-base-text-color: var(--body-color);\n--color-2-dark-3: #333129;\n--color-2-dark-3-darker: #2e2c25;\n--color-2-dark-3-r: 51;\n--color-2-dark-3-g: 49;\n--color-2-dark-3-b: 41;\n--color-2-dark-3-contrast: white;\n--color-2-dark-3-contrast-darker: white;\n--color-2-dark-3-text-color: var(--body-alt-color);\n--color-2-dark-2: #6c6447;\n--color-2-dark-2-darker: #615a40;\n--color-2-dark-2-r: 108;\n--color-2-dark-2-g: 100;\n--color-2-dark-2-b: 71;\n--color-2-dark-2-contrast: white;\n--color-2-dark-2-contrast-darker: white;\n--color-2-dark-2-text-color: var(--body-alt-color);\n--color-2-dark-1: #a59355;\n--color-2-dark-1-darker: #95844d;\n--color-2-dark-1-r: 165;\n--color-2-dark-1-g: 147;\n--color-2-dark-1-b: 85;\n--color-2-dark-1-contrast: white;\n--color-2-dark-1-contrast-darker: white;\n--color-2-dark-1-text-color: var(--body-alt-color);\n--color-2: #debe52;\n--color-2-darker: #d9b438;\n--color-2-r: 222;\n--color-2-g: 190;\n--color-2-b: 82;\n--color-2-contrast: black;\n--color-2-contrast-darker: white;\n--color-2-text-color: var(--body-color);\n--color-2-light-1: #ffdd6a;\n--color-2-light-1-darker: #ffd546;\n--color-2-light-1-r: 255;\n--color-2-light-1-g: 221;\n--color-2-light-1-b: 106;\n--color-2-light-1-contrast: black;\n--color-2-light-1-contrast-darker: black;\n--color-2-light-1-text-color: var(--body-color);\n--color-2-light-2: #ffecad;\n--color-2-light-2-darker: #ffe282;\n--color-2-light-2-r: 255;\n--color-2-light-2-g: 236;\n--color-2-light-2-b: 173;\n--color-2-light-2-contrast: black;\n--color-2-light-2-contrast-darker: black;\n--color-2-light-2-text-color: var(--body-color);\n--color-2-light-3: #fffcf0;\n--color-2-light-3-darker: #fff2bf;\n--color-2-light-3-r: 255;\n--color-2-light-3-g: 252;\n--color-2-light-3-b: 240;\n--color-2-light-3-contrast: black;\n--color-2-light-3-contrast-darker: black;\n--color-2-light-3-text-color: var(--body-color);\n--color-3-base: #8bc9ba;\n--color-3-base-darker: #74beac;\n--color-3-base-r: 139;\n--color-3-base-g: 201;\n--color-3-base-b: 186;\n--color-3-base-contrast: black;\n--color-3-base-contrast-darker: white;\n--color-3-base-text-color: var(--body-color);\n--color-3-dark-3: #293331;\n--color-3-dark-3-darker: #252e2c;\n--color-3-dark-3-r: 41;\n--color-3-dark-3-g: 51;\n--color-3-dark-3-b: 49;\n--color-3-dark-3-contrast: white;\n--color-3-dark-3-contrast-darker: white;\n--color-3-dark-3-text-color: var(--body-alt-color);\n--color-3-dark-2: #4d655f;\n--color-3-dark-2-darker: #455b56;\n--color-3-dark-2-r: 77;\n--color-3-dark-2-g: 101;\n--color-3-dark-2-b: 95;\n--color-3-dark-2-contrast: white;\n--color-3-dark-2-contrast-darker: white;\n--color-3-dark-2-text-color: var(--body-alt-color);\n--color-3-dark-1: #6e978d;\n--color-3-dark-1-darker: #62897f;\n--color-3-dark-1-r: 110;\n--color-3-dark-1-g: 151;\n--color-3-dark-1-b: 141;\n--color-3-dark-1-contrast: white;\n--color-3-dark-1-contrast-darker: white;\n--color-3-dark-1-text-color: var(--body-alt-color);\n--color-3: #8bc9ba;\n--color-3-darker: #74beac;\n--color-3-r: 139;\n--color-3-g: 201;\n--color-3-b: 186;\n--color-3-contrast: black;\n--color-3-contrast-darker: white;\n--color-3-text-color: var(--body-color);\n--color-3-light-1: #aad9ce;\n--color-3-light-1-darker: #8fcdbf;\n--color-3-light-1-r: 170;\n--color-3-light-1-g: 217;\n--color-3-light-1-b: 206;\n--color-3-light-1-contrast: black;\n--color-3-light-1-contrast-darker: black;\n--color-3-light-1-text-color: var(--body-color);\n--color-3-light-2: #cde9e2;\n--color-3-light-2-darker: #afdcd0;\n--color-3-light-2-r: 205;\n--color-3-light-2-g: 233;\n--color-3-light-2-b: 226;\n--color-3-light-2-contrast: black;\n--color-3-light-2-contrast-darker: black;\n--color-3-light-2-text-color: var(--body-color);\n--color-3-light-3: #f2faf8;\n--color-3-light-3-darker: #ceece5;\n--color-3-light-3-r: 242;\n--color-3-light-3-g: 250;\n--color-3-light-3-b: 248;\n--color-3-light-3-contrast: black;\n--color-3-light-3-contrast-darker: black;\n--color-3-light-3-text-color: var(--body-color);\n--color-4-base: #f4e1cb;\n--color-4-base-darker: #eccca6;\n--color-4-base-r: 244;\n--color-4-base-g: 225;\n--color-4-base-b: 203;\n--color-4-base-contrast: black;\n--color-4-base-contrast-darker: black;\n--color-4-base-text-color: var(--body-color);\n--color-4-dark-3: #332e29;\n--color-4-dark-3-darker: #2e2925;\n--color-4-dark-3-r: 51;\n--color-4-dark-3-g: 46;\n--color-4-dark-3-b: 41;\n--color-4-dark-3-contrast: white;\n--color-4-dark-3-contrast-darker: white;\n--color-4-dark-3-text-color: var(--body-alt-color);\n--color-4-dark-2: #61574c;\n--color-4-dark-2-darker: #574e44;\n--color-4-dark-2-r: 97;\n--color-4-dark-2-g: 87;\n--color-4-dark-2-b: 76;\n--color-4-dark-2-contrast: white;\n--color-4-dark-2-contrast-darker: white;\n--color-4-dark-2-text-color: var(--body-alt-color);\n--color-4-dark-1: #907f6c;\n--color-4-dark-1-darker: #827261;\n--color-4-dark-1-r: 144;\n--color-4-dark-1-g: 127;\n--color-4-dark-1-b: 108;\n--color-4-dark-1-contrast: white;\n--color-4-dark-1-contrast-darker: white;\n--color-4-dark-1-text-color: var(--body-alt-color);\n--color-4: #bea68a;\n--color-4-darker: #b29675;\n--color-4-r: 190;\n--color-4-g: 166;\n--color-4-b: 138;\n--color-4-contrast: white;\n--color-4-contrast-darker: white;\n--color-4-text-color: var(--body-alt-color);\n--color-4-light-1: #d9c3a9;\n--color-4-light-1-darker: #cdb08e;\n--color-4-light-1-r: 217;\n--color-4-light-1-g: 195;\n--color-4-light-1-b: 169;\n--color-4-light-1-contrast: black;\n--color-4-light-1-contrast-darker: white;\n--color-4-light-1-text-color: var(--body-color);\n--color-4-light-2: #f4e1cb;\n--color-4-light-2-darker: #eccca6;\n--color-4-light-2-r: 244;\n--color-4-light-2-g: 225;\n--color-4-light-2-b: 203;\n--color-4-light-2-contrast: black;\n--color-4-light-2-contrast-darker: black;\n--color-4-light-2-text-color: var(--body-color);\n--color-4-light-3: #fefcf9;\n--color-4-light-3-darker: #f7e6ce;\n--color-4-light-3-r: 254;\n--color-4-light-3-g: 252;\n--color-4-light-3-b: 249;\n--color-4-light-3-contrast: black;\n--color-4-light-3-contrast-darker: black;\n--color-4-light-3-text-color: var(--body-color);\n--color-5-base: #dddbd9;\n--color-5-base-darker: #c8c5c2;\n--color-5-base-r: 221;\n--color-5-base-g: 219;\n--color-5-base-b: 217;\n--color-5-base-contrast: black;\n--color-5-base-contrast-darker: black;\n--color-5-base-text-color: var(--body-color);\n--color-5-dark-3: #332e29;\n--color-5-dark-3-darker: #2e2925;\n--color-5-dark-3-r: 51;\n--color-5-dark-3-g: 46;\n--color-5-dark-3-b: 41;\n--color-5-dark-3-contrast: white;\n--color-5-dark-3-contrast-darker: white;\n--color-5-dark-3-text-color: var(--body-alt-color);\n--color-5-dark-2: #61564c;\n--color-5-dark-2-darker: #574d44;\n--color-5-dark-2-r: 97;\n--color-5-dark-2-g: 86;\n--color-5-dark-2-b: 76;\n--color-5-dark-2-contrast: white;\n--color-5-dark-2-contrast-darker: white;\n--color-5-dark-2-text-color: var(--body-alt-color);\n--color-5-dark-1: #8e7e6d;\n--color-5-dark-1-darker: #807162;\n--color-5-dark-1-r: 142;\n--color-5-dark-1-g: 126;\n--color-5-dark-1-b: 109;\n--color-5-dark-1-contrast: white;\n--color-5-dark-1-contrast-darker: white;\n--color-5-dark-1-text-color: var(--body-alt-color);\n--color-5: #bca58e;\n--color-5-darker: #b09579;\n--color-5-r: 188;\n--color-5-g: 165;\n--color-5-b: 142;\n--color-5-contrast: white;\n--color-5-contrast-darker: white;\n--color-5-text-color: var(--body-alt-color);\n--color-5-light-1: #ccbfb1;\n--color-5-light-1-darker: #bdac9a;\n--color-5-light-1-r: 204;\n--color-5-light-1-g: 191;\n--color-5-light-1-b: 177;\n--color-5-light-1-contrast: black;\n--color-5-light-1-contrast-darker: white;\n--color-5-light-1-text-color: var(--body-color);\n--color-5-light-2: #dddbd9;\n--color-5-light-2-darker: #c8c5c2;\n--color-5-light-2-r: 221;\n--color-5-light-2-g: 219;\n--color-5-light-2-b: 217;\n--color-5-light-2-contrast: black;\n--color-5-light-2-contrast-darker: black;\n--color-5-light-2-text-color: var(--body-color);\n--color-5-light-3: #fcf9f7;\n--color-5-light-3-darker: #eeded3;\n--color-5-light-3-r: 252;\n--color-5-light-3-g: 249;\n--color-5-light-3-b: 247;\n--color-5-light-3-contrast: black;\n--color-5-light-3-contrast-darker: black;\n--color-5-light-3-text-color: var(--body-color);\n--white-contrast: var(--body-color);\n--shading-contrast: var(--body-alt-color);\n--bg-contrast: var(--body-color);\n}.u-custom-color-1,\n        .u-body.u-custom-color-1,\n        .u-custom-color-1 > .u-container-layout:before,\n        .u-container-style.u-custom-color-1:before,\n        .u-container-layout.u-container-layout.u-custom-color-1:before,\n        .u-table-alt-custom-color-1 tr:nth-child(even)\n        {\n            color: var(--custom-color-1-text-color);\n            background-color: var(--custom-color-1);\n        }\n\n        .u-button-style.u-custom-color-1,\n        .u-button-style.u-custom-color-1[class*=\"u-border-\"]\n        {\n            color: var(--custom-color-1-text-color) !important;\n            background-color: var(--custom-color-1) !important;\n        }\n\n        .u-button-style.u-custom-color-1:hover,\n        .u-button-style.u-custom-color-1[class*=\"u-border-\"]:hover,\n        .u-button-style.u-custom-color-1:focus,\n        .u-button-style.u-custom-color-1[class*=\"u-border-\"]:focus,\n        .u-button-style.u-button-style.u-custom-color-1:active,\n        .u-button-style.u-button-style.u-custom-color-1[class*=\"u-border-\"]:active,\n        .u-button-style.u-button-style.u-custom-color-1.active,\n        .u-button-style.u-button-style.u-custom-color-1[class*=\"u-border-\"].active,\n        li.active > .u-button-style.u-button-style.u-custom-color-1,\n        li.active > .u-button-style.u-button-style.u-custom-color-1[class*=\"u-border-\"]\n        {\n            color: var(--custom-color-1-text-color) !important;\n            background-color: var(--custom-color-1-darker) !important;\n        }\n\n        .u-hover-custom-color-1:hover,\n        .u-hover-custom-color-1[class*=\"u-border-\"]:hover,\n        .u-hover-custom-color-1:focus,\n        .u-hover-custom-color-1[class*=\"u-border-\"]:focus,\n        .u-active-custom-color-1.u-active.u-active,\n        .u-active-custom-color-1[class*=\"u-border-\"].u-active.u-active,\n        a.u-button-style.u-hover-custom-color-1:hover,\n        a.u-button-style.u-hover-custom-color-1[class*=\"u-border-\"]:hover,\n        a.u-button-style:hover > .u-hover-custom-color-1,\n        a.u-button-style:hover > .u-hover-custom-color-1[class*=\"u-border-\"],\n        a.u-button-style.u-hover-custom-color-1:focus,\n        a.u-button-style.u-hover-custom-color-1[class*=\"u-border-\"]:focus,\n        a.u-button-style.u-button-style.u-active-custom-color-1:active,\n        a.u-button-style.u-button-style.u-active-custom-color-1[class*=\"u-border-\"]:active,\n        a.u-button-style.u-button-style.u-active-custom-color-1.active,\n        a.u-button-style.u-button-style.u-active-custom-color-1[class*=\"u-border-\"].active,\n        a.u-button-style.u-button-style.active > .u-active-custom-color-1,\n        a.u-button-style.u-button-style.active > .u-active-custom-color-1[class*=\"u-border-\"],\n        li.active > a.u-button-style.u-button-style.u-active-custom-color-1,\n        li.active > a.u-button-style.u-button-style.u-active-custom-color-1[class*=\"u-border-\"]\n        {\n            color: var(--custom-color-1-text-color) !important;\n            background-color: var(--custom-color-1) !important;\n        }\n\n        a.u-link.u-hover-custom-color-1:hover {\n            color: var(--custom-color-1) !important;\n        }\n\n        \n\n        \n        .u-border-custom-color-1,\n        .u-separator-custom-color-1:after\n        {\n            border-color: var(--custom-color-1);\n            stroke: var(--custom-color-1);\n        }\n\n        .u-button-style.u-border-custom-color-1\n        {\n            border-color: var(--custom-color-1) !important;\n            color: var(--custom-color-1) !important;\n            background-color: transparent !important;\n        }\n\n        .u-button-style.u-border-custom-color-1:hover,\n        .u-button-style.u-border-custom-color-1:focus\n        {\n            border-color: transparent !important;\n            color: var(--custom-color-1-darker) !important;\n            background-color: transparent !important;\n        }\n\n        .u-border-hover-custom-color-1:hover,\n        .u-border-hover-custom-color-1:focus,\n        .u-border-active-custom-color-1.u-active.u-active,\n        a.u-button-style.u-border-hover-custom-color-1:hover,\n        a.u-button-style:hover > .u-border-hover-custom-color-1,\n        a.u-button-style.u-border-hover-custom-color-1:focus,\n        a.u-button-style.u-button-style.u-border-active-custom-color-1:active,\n        a.u-button-style.u-button-style.u-border-active-custom-color-1.active,\n        a.u-button-style.u-button-style.active > .u-border-active-custom-color-1,\n        li.active > a.u-button-style.u-button-style.u-border-active-custom-color-1\n        {\n            color: var(--custom-color-1) !important;\n            border-color: var(--custom-color-1) !important;\n        }\n\n        .u-link.u-border-custom-color-1[class*=\"u-border-\"]\n        {\n            border-color: var(--custom-color-1) !important;\n        }\n\n        .u-link.u-border-custom-color-1[class*=\"u-border-\"]:hover\n        {\n            border-color: var(--custom-color-1-darker) !important;\n        }\n        \n\n        \n        .u-text-custom-color-1,\n        li.active > a.u-button-style.u-text-custom-color-1,\n        li.active > a.u-button-style.u-text-custom-color-1[class*=\"u-border-\"],\n        a.u-button-style.u-text-custom-color-1,\n        a.u-button-style.u-text-custom-color-1[class*=\"u-border-\"]\n        {\n            color: var(--custom-color-1) !important;\n        }\n\n        a.u-button-style.u-text-custom-color-1:hover,\n        a.u-button-style.u-text-custom-color-1[class*=\"u-border-\"]:hover,\n        a.u-button-style.u-text-custom-color-1:focus,\n        a.u-button-style.u-text-custom-color-1[class*=\"u-border-\"]:focus,\n        a.u-button-style.u-button-style.u-text-custom-color-1:active,\n        a.u-button-style.u-button-style.u-text-custom-color-1[class*=\"u-border-\"]:active,\n        a.u-button-style.u-button-style.u-text-custom-color-1.active,\n        a.u-button-style.u-button-style.u-text-custom-color-1[class*=\"u-border-\"].active\n        {\n            color: var(--custom-color-1-darker) !important;\n        }\n\n        a.u-button-style:hover > .u-text-hover-custom-color-1,\n        a.u-button-style:hover > .u-text-hover-custom-color-1[class*=\"u-border-\"],\n        a.u-button-style.u-button-style.u-text-hover-custom-color-1:hover,\n        a.u-button-style.u-button-style.u-text-hover-custom-color-1[class*=\"u-border-\"]:hover,\n        a.u-button-style.u-button-style.u-button-style.u-text-hover-custom-color-1.active,\n        a.u-button-style.u-button-style.u-button-style.u-text-hover-custom-color-1[class*=\"u-border-\"].active,\n        a.u-button-style.u-button-style.u-button-style.u-text-hover-custom-color-1:active,\n        a.u-button-style.u-button-style.u-button-style.u-text-hover-custom-color-1[class*=\"u-border-\"]:active,\n        a.u-button-style.u-button-style.u-text-hover-custom-color-1:focus,\n        a.u-button-style.u-button-style.u-text-hover-custom-color-1[class*=\"u-border-\"]:focus,\n        a.u-button-style.u-button-style.u-button-style.u-button-style.u-text-active-custom-color-1:active,\n        a.u-button-style.u-button-style.u-button-style.u-button-style.u-text-active-custom-color-1[class*=\"u-border-\"]:active,\n        a.u-button-style.u-button-style.u-button-style.u-button-style.u-text-active-custom-color-1.active,\n        a.u-button-style.u-button-style.u-button-style.u-button-style.u-text-active-custom-color-1[class*=\"u-border-\"].active,\n        a.u-button-style.u-button-style.active > .u-text-active-custom-color-1,\n        a.u-button-style.u-button-style.active > .u-text-active-custom-color-1[class*=\"u-border-\"],\n        :not(.level-2) > .u-nav > .u-nav-item > a.u-nav-link.u-text-hover-custom-color-1:hover,\n        :not(.level-2) > .u-nav > .u-nav-item > a.u-nav-link.u-nav-link.u-text-active-custom-color-1.active,\n        .u-popupmenu-items.u-text-hover-custom-color-1 .u-nav-link:hover,\n        .u-popupmenu-items.u-popupmenu-items.u-text-active-custom-color-1 .u-nav-link.active\n        {\n            color: var(--custom-color-1) !important;\n        }\n\n        .u-text-custom-color-1 .u-svg-link,\n        .u-text-hover-custom-color-1:hover .u-svg-link,\n        .u-button-style:hover > .u-text-hover-custom-color-1 .u-svg-link,\n        .u-button-style.u-button-style.active > .u-text-active-custom-color-1 .u-svg-link,\n        .u-text-hover-custom-color-1:focus .u-svg-link\n        {\n            fill: var(--custom-color-1);\n        }\n\n        .u-link.u-text-custom-color-1:hover\n        {\n            color: var(--custom-color-1-darker) !important;\n        }\n\n        a.u-link.u-text-hover-custom-color-1:hover\n        {\n            color: var(--custom-color-1) !important;\n        }</style><style id=\"typography\" typography=\"custom-page-typography-2\">\n        .u-body\n        {\n        --title-font-weight: 700;\n        --title-line-height: 1.1;\n        --title-font-size: 3.75rem;\n        --title-margin-top: 20px;\n        --title-margin-bottom: 20px;\n        --title-color: var(--palette-5-dark-3);\n        --title-alt-text-color: var(--palette-5-light-2);\n        --subtitle-font-weight: 700;\n        --subtitle-line-height: 1.2;\n        --subtitle-font-size: 2.25rem;\n        --subtitle-margin-top: 20px;\n        --subtitle-margin-bottom: 20px;\n        --subtitle-color: var(--palette-5-dark-2);\n        --subtitle-alt-text-color: var(--palette-5-light-2);\n        --h1-font-weight: 700;\n        --h1-line-height: 1.1;\n        --h1-font-size: 3.75rem;\n        --h1-margin-top: 20px;\n        --h1-margin-bottom: 20px;\n        --h1-color: var(--palette-5-dark-3);\n        --h1-alt-text-color: var(--palette-5-light-2);\n        --h2-font-weight: 700;\n        --h2-line-height: 1.2;\n        --h2-font-size: 2.25rem;\n        --h2-margin-top: 20px;\n        --h2-margin-bottom: 20px;\n        --h2-color: var(--palette-5-dark-3);\n        --h2-alt-text-color: var(--palette-5-light-2);\n        --h3-font-weight: 700;\n        --h3-line-height: 1.2;\n        --h3-font-size: 1.875rem;\n        --h3-margin-top: 20px;\n        --h3-margin-bottom: 20px;\n        --h3-color: var(--palette-5-dark-3);\n        --h3-text-transform: uppercase;\n        --h3-alt-text-color: var(--palette-5-light-2);\n        --h4-font-weight: 700;\n        --h4-line-height: 1.2;\n        --h4-font-size: 1.5rem;\n        --h4-margin-top: 20px;\n        --h4-margin-bottom: 20px;\n        --h4-color: var(--palette-5-dark-3);\n        --h4-alt-text-color: var(--palette-5-light-2);\n        --h5-font-weight: 700;\n        --h5-line-height: 1.2;\n        --h5-font-size: 1.25rem;\n        --h5-margin-top: 20px;\n        --h5-margin-bottom: 20px;\n        --h5-color: var(--palette-5-dark-3);\n        --h5-alt-text-color: var(--palette-5-light-2);\n        --h6-font-weight: 700;\n        --h6-line-height: 1.2;\n        --h6-font-size: 1.125rem;\n        --h6-margin-top: 20px;\n        --h6-margin-bottom: 20px;\n        --h6-color: var(--palette-5-dark-3);\n        --h6-alt-text-color: var(--palette-5-light-2);\n        --largeText-font-weight: 400;\n        --largeText-line-height: 1.6;\n        --largeText-font-size: 1rem;\n        --largeText-margin-top: 20px;\n        --largeText-margin-bottom: 20px;\n        --largeText-color: var(--palette-5-dark-3);\n        --largeText-alt-text-color: var(--palette-5-light-2);\n        --text-font-weight: 400;\n        --text-line-height: 1.6;\n        --text-font-size: 1rem;\n        --text-margin-top: 20px;\n        --text-margin-bottom: 20px;\n        --smallText-font-weight: 400;\n        --smallText-line-height: 1.6;\n        --smallText-font-size: 0.875rem;\n        --smallText-margin-top: 20px;\n        --smallText-margin-bottom: 20px;\n        --button-letter-spacing: 1px;\n        --button-font-size: 1rem;\n        --button-line-height: 1.4;\n        --button-margin-top: 20px;\n        --button-margin-bottom: 20px;\n        --button-text-transform: uppercase;\n        --button-background-color: var(--palette-5-dark-1);\n        --button-color: var(--white);\n        --button-alt-background-color: var(--palette-5-light-2);\n        --button-alt-color: var(--black);\n        --button-hover-background-color: var(--palette-5-dark-1-darker);\n        --button-hover-color: var(--white-darker);\n        --button-hover-alt-background-color: var(--palette-5-light-2-darker);\n        --button-hover-alt-color: var(--white);\n        --button-hover-background-color: var(--palette-5-dark-1-darker);\n        --button-hover-color: var(--white-darker);\n        --button-hover-alt-background-color: var(--palette-5-light-2-darker);\n        --button-hover-alt-color: var(--white);\n        --button-active-background-color: var(--palette-5-dark-1-darker);\n        --button-active-color: var(--white-darker);\n        --button-active-alt-background-color: var(--palette-5-light-2-darker);\n        --button-active-alt-color: var(--white);\n        --blockquote-font-style: italic;\n        --blockquote-line-height: 1.6;\n        --blockquote-font-size: 1.25rem;\n        --blockquote-padding-left: 20px;\n        --blockquote-border-width: 4px;\n        --blockquote-border-color: var(--palette-5-dark-2);\n        --blockquote-margin-top: 20px;\n        --blockquote-margin-bottom: 20px;\n        --blockquote-border-style: solid;\n        --metadata-font-size: 0.75rem;\n        --metadata-line-height: 1.4;\n        --metadata-margin-top: 20px;\n        --metadata-margin-bottom: 20px;\n        --list-margin-top: 20px;\n        --list-margin-bottom: 20px;\n        --orderedlist-margin-top: 20px;\n        --orderedlist-margin-bottom: 20px;\n        --postContent-margin-top: 20px;\n        --postContent-margin-bottom: 20px;\n        --theme-sheet-width-xl: 1140px;\n        --theme-sheet-width-lg: 940px;\n        --theme-sheet-width-md: 720px;\n        --theme-sheet-width-sm: 540px;\n        --theme-sheet-width-xs: 340px;\n        --hyperlink-color: var(--palette-1-base);\n        --hyperlink-alt-text-color: var(--palette-1-light-2);\n        --hyperlink-hover-color: var(--palette-1-base-darker);\n        --hyperlink-hover-alt-text-color: var(--grey-30-darker);\n        }\n\n        /** common-rules **/\n        h1.u-title\n        {\n        font-weight: var(--title-font-weight);\n        line-height: var(--title-line-height);\n        font-size: var(--title-font-size);\n        margin-top: var(--title-margin-top);\n        margin-bottom: var(--title-margin-bottom);\n        }\n        h2.u-subtitle\n        {\n        font-weight: var(--subtitle-font-weight);\n        line-height: var(--subtitle-line-height);\n        font-size: var(--subtitle-font-size);\n        margin-top: var(--subtitle-margin-top);\n        margin-bottom: var(--subtitle-margin-bottom);\n        }\n        h1:not(.u-title)\n        {\n        font-weight: var(--h1-font-weight);\n        line-height: var(--h1-line-height);\n        font-size: var(--h1-font-size);\n        margin-top: var(--h1-margin-top);\n        margin-bottom: var(--h1-margin-bottom);\n        }\n        h2:not(.u-subtitle)\n        {\n        font-weight: var(--h2-font-weight);\n        line-height: var(--h2-line-height);\n        font-size: var(--h2-font-size);\n        margin-top: var(--h2-margin-top);\n        margin-bottom: var(--h2-margin-bottom);\n        }\n        h3\n        {\n        font-weight: var(--h3-font-weight);\n        line-height: var(--h3-line-height);\n        font-size: var(--h3-font-size);\n        margin-top: var(--h3-margin-top);\n        margin-bottom: var(--h3-margin-bottom);\n        text-transform: var(--h3-text-transform);\n        }\n        h4\n        {\n        font-weight: var(--h4-font-weight);\n        line-height: var(--h4-line-height);\n        font-size: var(--h4-font-size);\n        margin-top: var(--h4-margin-top);\n        margin-bottom: var(--h4-margin-bottom);\n        }\n        h5\n        {\n        font-weight: var(--h5-font-weight);\n        line-height: var(--h5-line-height);\n        font-size: var(--h5-font-size);\n        margin-top: var(--h5-margin-top);\n        margin-bottom: var(--h5-margin-bottom);\n        }\n        h6\n        {\n        font-weight: var(--h6-font-weight);\n        line-height: var(--h6-line-height);\n        font-size: var(--h6-font-size);\n        margin-top: var(--h6-margin-top);\n        margin-bottom: var(--h6-margin-bottom);\n        }\n        p.u-large-text\n        {\n        font-weight: var(--largeText-font-weight);\n        line-height: var(--largeText-line-height);\n        font-size: var(--largeText-font-size);\n        margin-top: var(--largeText-margin-top);\n        margin-bottom: var(--largeText-margin-bottom);\n        }\n        p:not(.u-text-variant)\n        {\n        font-weight: var(--text-font-weight);\n        line-height: var(--text-line-height);\n        font-size: var(--text-font-size);\n        margin-top: var(--text-margin-top);\n        margin-bottom: var(--text-margin-bottom);\n        }\n        p.u-small-text\n        {\n        font-weight: var(--smallText-font-weight);\n        line-height: var(--smallText-line-height);\n        font-size: var(--smallText-font-size);\n        margin-top: var(--smallText-margin-top);\n        margin-bottom: var(--smallText-margin-bottom);\n        }\n        .u-btn\n        {\n        letter-spacing: var(--button-letter-spacing);\n        font-size: var(--button-font-size);\n        line-height: var(--button-line-height);\n        margin-top: var(--button-margin-top);\n        margin-bottom: var(--button-margin-bottom);\n        text-transform: var(--button-text-transform);\n        }\n        blockquote\n        {\n        font-style: var(--blockquote-font-style);\n        line-height: var(--blockquote-line-height);\n        font-size: var(--blockquote-font-size);\n        padding-left: var(--blockquote-padding-left);\n        border-width: var(--blockquote-border-width);\n        margin-top: var(--blockquote-margin-top);\n        margin-bottom: var(--blockquote-margin-bottom);\n        border-style: var(--blockquote-border-style);\n        }\n        .u-metadata\n        {\n        font-size: var(--metadata-font-size);\n        line-height: var(--metadata-line-height);\n        margin-top: var(--metadata-margin-top);\n        margin-bottom: var(--metadata-margin-bottom);\n        }\n        ul:not(.u-unstyled)\n        {\n        margin-top: var(--list-margin-top);\n        margin-bottom: var(--list-margin-bottom);\n        }\n        ol\n        {\n        margin-top: var(--orderedlist-margin-top);\n        margin-bottom: var(--orderedlist-margin-bottom);\n        }\n        .u-post-content\n        {\n        margin-top: var(--postContent-margin-top);\n        margin-bottom: var(--postContent-margin-bottom);\n        }\n        /** common-rules **/\n\n        /** publish-rules **/\n        /*begin-media rules*/\n        /*end-media rules*/\n        /** publish-rules **/\n\n        \n\n        /** cms-rules **/\n        /*begin-responsive rules*/\n        /*end-responsive rules*/\n        /** cms-rules **/\n\n        /** color-rules **/\n        .u-overlap.u-overlap-transparent:not(.u-overlap-contrast) .u-header :not(.u-nav-item) > h1.u-title,\n        .u-gradient > .u-container-layout > h1.u-title,\n        .u-image:not(.u-shading) > .u-container-layout > h1.u-title,\n        h1.u-title\n        {\n        color: var(--title-color);\n        }\n        .u-overlap.u-overlap-transparent:not(.u-overlap-contrast) .u-header :not(.u-nav-item) > h2.u-subtitle,\n        .u-gradient > .u-container-layout > h2.u-subtitle,\n        .u-image:not(.u-shading) > .u-container-layout > h2.u-subtitle,\n        h2.u-subtitle\n        {\n        color: var(--subtitle-color);\n        }\n        .u-overlap.u-overlap-transparent:not(.u-overlap-contrast) .u-header :not(.u-nav-item) > h1:not(.u-title),\n        .u-gradient > .u-container-layout > h1:not(.u-title),\n        .u-image:not(.u-shading) > .u-container-layout > h1:not(.u-title),\n        h1:not(.u-title)\n        {\n        color: var(--h1-color);\n        }\n        .u-overlap.u-overlap-transparent:not(.u-overlap-contrast) .u-header :not(.u-nav-item) > h2:not(.u-subtitle),\n        .u-gradient > .u-container-layout > h2:not(.u-subtitle),\n        .u-image:not(.u-shading) > .u-container-layout > h2:not(.u-subtitle),\n        h2:not(.u-subtitle)\n        {\n        color: var(--h2-color);\n        }\n        .u-overlap.u-overlap-transparent:not(.u-overlap-contrast) .u-header :not(.u-nav-item) > h3,\n        .u-gradient > .u-container-layout > h3,\n        .u-image:not(.u-shading) > .u-container-layout > h3,\n        h3\n        {\n        color: var(--h3-color);\n        }\n        .u-overlap.u-overlap-transparent:not(.u-overlap-contrast) .u-header :not(.u-nav-item) > h4,\n        .u-gradient > .u-container-layout > h4,\n        .u-image:not(.u-shading) > .u-container-layout > h4,\n        h4\n        {\n        color: var(--h4-color);\n        }\n        .u-overlap.u-overlap-transparent:not(.u-overlap-contrast) .u-header :not(.u-nav-item) > h5,\n        .u-gradient > .u-container-layout > h5,\n        .u-image:not(.u-shading) > .u-container-layout > h5,\n        h5\n        {\n        color: var(--h5-color);\n        }\n        .u-overlap.u-overlap-transparent:not(.u-overlap-contrast) .u-header :not(.u-nav-item) > h6,\n        .u-gradient > .u-container-layout > h6,\n        .u-image:not(.u-shading) > .u-container-layout > h6,\n        h6\n        {\n        color: var(--h6-color);\n        }\n        .u-overlap.u-overlap-transparent:not(.u-overlap-contrast) .u-header :not(.u-nav-item) > p.u-large-text,\n        .u-gradient > .u-container-layout > p.u-large-text,\n        .u-image:not(.u-shading) > .u-container-layout > p.u-large-text,\n        p.u-large-text\n        {\n        color: var(--largeText-color);\n        }\n        .u-overlap.u-overlap-transparent:not(.u-overlap-contrast) .u-header :not(.u-nav-item) > .u-btn,\n        .u-gradient > .u-container-layout > .u-btn,\n        .u-image:not(.u-shading) > .u-container-layout > .u-btn,\n        .u-btn\n        {\n        background-color: var(--button-background-color);\n        color: var(--button-color);\n        }\n        .u-overlap.u-overlap-transparent:not(.u-overlap-contrast) .u-header :not(.u-nav-item) > .u-btn:hover,\n        .u-gradient > .u-container-layout > .u-btn:hover,\n        .u-image:not(.u-shading) > .u-container-layout > .u-btn:hover,\n        .u-btn:hover\n        {\n        background-color: var(--button-hover-background-color);\n        color: var(--button-hover-color);\n        }\n        .u-overlap.u-overlap-transparent:not(.u-overlap-contrast) .u-header :not(.u-nav-item) > .u-btn:focus,\n        .u-gradient > .u-container-layout > .u-btn:focus,\n        .u-image:not(.u-shading) > .u-container-layout > .u-btn:focus,\n        .u-btn:focus\n        {\n        background-color: var(--button-hover-background-color);\n        color: var(--button-hover-color);\n        }\n        .u-overlap.u-overlap-transparent:not(.u-overlap-contrast) .u-header :not(.u-nav-item) > .u-btn:active,\n        .u-gradient > .u-container-layout > .u-btn:active,\n        .u-image:not(.u-shading) > .u-container-layout > .u-btn:active,\n        .u-btn:active\n        {\n        background-color: var(--button-active-background-color);\n        color: var(--button-active-color);\n        }\n        .u-overlap.u-overlap-transparent:not(.u-overlap-contrast) .u-header :not(.u-nav-item) > blockquote,\n        .u-gradient > .u-container-layout > blockquote,\n        .u-image:not(.u-shading) > .u-container-layout > blockquote,\n        blockquote\n        {\n        border-color: var(--blockquote-border-color);\n        }\n        .u-overlap.u-overlap-transparent:not(.u-overlap-contrast) .u-header :not(.u-nav-item) > a,\n        .u-gradient > .u-container-layout > a,\n        .u-image:not(.u-shading) > .u-container-layout > a,\n        a\n        {\n        color: var(--hyperlink-color);\n        }\n        .u-overlap.u-overlap-transparent:not(.u-overlap-contrast) .u-header :not(.u-nav-item) > a:hover,\n        .u-gradient > .u-container-layout > a:hover,\n        .u-image:not(.u-shading) > .u-container-layout > a:hover,\n        a:hover\n        {\n        color: var(--hyperlink-hover-color);\n        }\n        /** color-rules **/\n\n        /** alt-color-rules **/\n        .u-body-color h1.u-title,.u-palette-1-base h1.u-title,.u-palette-1-dark-3 h1.u-title,.u-palette-1-dark-2 h1.u-title,.u-palette-1-dark-1 h1.u-title,.u-palette-1 h1.u-title,.u-palette-2-dark-3 h1.u-title,.u-palette-2-dark-2 h1.u-title,.u-palette-2-dark-1 h1.u-title,.u-palette-3-dark-3 h1.u-title,.u-palette-3-dark-2 h1.u-title,.u-palette-3-dark-1 h1.u-title,.u-palette-4-dark-3 h1.u-title,.u-palette-4-dark-2 h1.u-title,.u-palette-4-dark-1 h1.u-title,.u-palette-4 h1.u-title,.u-palette-5-dark-3 h1.u-title,.u-palette-5-dark-2 h1.u-title,.u-palette-5-dark-1 h1.u-title,.u-palette-5 h1.u-title,.u-grey-40 h1.u-title,.u-grey-30 h1.u-title,.u-grey-90 h1.u-title,.u-grey-80 h1.u-title,.u-grey-75 h1.u-title,.u-black h1.u-title,.u-grey-70 h1.u-title,.u-grey-60 h1.u-title,.u-grey-50 h1.u-title,.u-grey-dark-3 h1.u-title,.u-grey-dark-2 h1.u-title,.u-grey-dark-1 h1.u-title,.u-grey h1.u-title,.u-shading h1.u-title,.u-overlap-contrast .u-header h1.u-title:not(.u-nav-link):not(.u-btn)\n        {\n        color: var(--title-alt-text-color);\n        }\n        .u-body-color h2.u-subtitle,.u-palette-1-base h2.u-subtitle,.u-palette-1-dark-3 h2.u-subtitle,.u-palette-1-dark-2 h2.u-subtitle,.u-palette-1-dark-1 h2.u-subtitle,.u-palette-1 h2.u-subtitle,.u-palette-2-dark-3 h2.u-subtitle,.u-palette-2-dark-2 h2.u-subtitle,.u-palette-2-dark-1 h2.u-subtitle,.u-palette-3-dark-3 h2.u-subtitle,.u-palette-3-dark-2 h2.u-subtitle,.u-palette-3-dark-1 h2.u-subtitle,.u-palette-4-dark-3 h2.u-subtitle,.u-palette-4-dark-2 h2.u-subtitle,.u-palette-4-dark-1 h2.u-subtitle,.u-palette-4 h2.u-subtitle,.u-palette-5-dark-3 h2.u-subtitle,.u-palette-5-dark-2 h2.u-subtitle,.u-palette-5-dark-1 h2.u-subtitle,.u-palette-5 h2.u-subtitle,.u-grey-40 h2.u-subtitle,.u-grey-30 h2.u-subtitle,.u-grey-90 h2.u-subtitle,.u-grey-80 h2.u-subtitle,.u-grey-75 h2.u-subtitle,.u-black h2.u-subtitle,.u-grey-70 h2.u-subtitle,.u-grey-60 h2.u-subtitle,.u-grey-50 h2.u-subtitle,.u-grey-dark-3 h2.u-subtitle,.u-grey-dark-2 h2.u-subtitle,.u-grey-dark-1 h2.u-subtitle,.u-grey h2.u-subtitle,.u-shading h2.u-subtitle,.u-overlap-contrast .u-header h2.u-subtitle:not(.u-nav-link):not(.u-btn)\n        {\n        color: var(--subtitle-alt-text-color);\n        }\n        .u-body-color h1:not(.u-title),.u-palette-1-base h1:not(.u-title),.u-palette-1-dark-3 h1:not(.u-title),.u-palette-1-dark-2 h1:not(.u-title),.u-palette-1-dark-1 h1:not(.u-title),.u-palette-1 h1:not(.u-title),.u-palette-2-dark-3 h1:not(.u-title),.u-palette-2-dark-2 h1:not(.u-title),.u-palette-2-dark-1 h1:not(.u-title),.u-palette-3-dark-3 h1:not(.u-title),.u-palette-3-dark-2 h1:not(.u-title),.u-palette-3-dark-1 h1:not(.u-title),.u-palette-4-dark-3 h1:not(.u-title),.u-palette-4-dark-2 h1:not(.u-title),.u-palette-4-dark-1 h1:not(.u-title),.u-palette-4 h1:not(.u-title),.u-palette-5-dark-3 h1:not(.u-title),.u-palette-5-dark-2 h1:not(.u-title),.u-palette-5-dark-1 h1:not(.u-title),.u-palette-5 h1:not(.u-title),.u-grey-40 h1:not(.u-title),.u-grey-30 h1:not(.u-title),.u-grey-90 h1:not(.u-title),.u-grey-80 h1:not(.u-title),.u-grey-75 h1:not(.u-title),.u-black h1:not(.u-title),.u-grey-70 h1:not(.u-title),.u-grey-60 h1:not(.u-title),.u-grey-50 h1:not(.u-title),.u-grey-dark-3 h1:not(.u-title),.u-grey-dark-2 h1:not(.u-title),.u-grey-dark-1 h1:not(.u-title),.u-grey h1:not(.u-title),.u-shading h1:not(.u-title),.u-overlap-contrast .u-header h1:not(.u-title):not(.u-nav-link):not(.u-btn)\n        {\n        color: var(--h1-alt-text-color);\n        }\n        .u-body-color h2:not(.u-subtitle),.u-palette-1-base h2:not(.u-subtitle),.u-palette-1-dark-3 h2:not(.u-subtitle),.u-palette-1-dark-2 h2:not(.u-subtitle),.u-palette-1-dark-1 h2:not(.u-subtitle),.u-palette-1 h2:not(.u-subtitle),.u-palette-2-dark-3 h2:not(.u-subtitle),.u-palette-2-dark-2 h2:not(.u-subtitle),.u-palette-2-dark-1 h2:not(.u-subtitle),.u-palette-3-dark-3 h2:not(.u-subtitle),.u-palette-3-dark-2 h2:not(.u-subtitle),.u-palette-3-dark-1 h2:not(.u-subtitle),.u-palette-4-dark-3 h2:not(.u-subtitle),.u-palette-4-dark-2 h2:not(.u-subtitle),.u-palette-4-dark-1 h2:not(.u-subtitle),.u-palette-4 h2:not(.u-subtitle),.u-palette-5-dark-3 h2:not(.u-subtitle),.u-palette-5-dark-2 h2:not(.u-subtitle),.u-palette-5-dark-1 h2:not(.u-subtitle),.u-palette-5 h2:not(.u-subtitle),.u-grey-40 h2:not(.u-subtitle),.u-grey-30 h2:not(.u-subtitle),.u-grey-90 h2:not(.u-subtitle),.u-grey-80 h2:not(.u-subtitle),.u-grey-75 h2:not(.u-subtitle),.u-black h2:not(.u-subtitle),.u-grey-70 h2:not(.u-subtitle),.u-grey-60 h2:not(.u-subtitle),.u-grey-50 h2:not(.u-subtitle),.u-grey-dark-3 h2:not(.u-subtitle),.u-grey-dark-2 h2:not(.u-subtitle),.u-grey-dark-1 h2:not(.u-subtitle),.u-grey h2:not(.u-subtitle),.u-shading h2:not(.u-subtitle),.u-overlap-contrast .u-header h2:not(.u-subtitle):not(.u-nav-link):not(.u-btn)\n        {\n        color: var(--h2-alt-text-color);\n        }\n        .u-body-color h3,.u-palette-1-base h3,.u-palette-1-dark-3 h3,.u-palette-1-dark-2 h3,.u-palette-1-dark-1 h3,.u-palette-1 h3,.u-palette-2-dark-3 h3,.u-palette-2-dark-2 h3,.u-palette-2-dark-1 h3,.u-palette-3-dark-3 h3,.u-palette-3-dark-2 h3,.u-palette-3-dark-1 h3,.u-palette-4-dark-3 h3,.u-palette-4-dark-2 h3,.u-palette-4-dark-1 h3,.u-palette-4 h3,.u-palette-5-dark-3 h3,.u-palette-5-dark-2 h3,.u-palette-5-dark-1 h3,.u-palette-5 h3,.u-grey-40 h3,.u-grey-30 h3,.u-grey-90 h3,.u-grey-80 h3,.u-grey-75 h3,.u-black h3,.u-grey-70 h3,.u-grey-60 h3,.u-grey-50 h3,.u-grey-dark-3 h3,.u-grey-dark-2 h3,.u-grey-dark-1 h3,.u-grey h3,.u-shading h3,.u-overlap-contrast .u-header h3:not(.u-nav-link):not(.u-btn)\n        {\n        color: var(--h3-alt-text-color);\n        }\n        .u-body-color h4,.u-palette-1-base h4,.u-palette-1-dark-3 h4,.u-palette-1-dark-2 h4,.u-palette-1-dark-1 h4,.u-palette-1 h4,.u-palette-2-dark-3 h4,.u-palette-2-dark-2 h4,.u-palette-2-dark-1 h4,.u-palette-3-dark-3 h4,.u-palette-3-dark-2 h4,.u-palette-3-dark-1 h4,.u-palette-4-dark-3 h4,.u-palette-4-dark-2 h4,.u-palette-4-dark-1 h4,.u-palette-4 h4,.u-palette-5-dark-3 h4,.u-palette-5-dark-2 h4,.u-palette-5-dark-1 h4,.u-palette-5 h4,.u-grey-40 h4,.u-grey-30 h4,.u-grey-90 h4,.u-grey-80 h4,.u-grey-75 h4,.u-black h4,.u-grey-70 h4,.u-grey-60 h4,.u-grey-50 h4,.u-grey-dark-3 h4,.u-grey-dark-2 h4,.u-grey-dark-1 h4,.u-grey h4,.u-shading h4,.u-overlap-contrast .u-header h4:not(.u-nav-link):not(.u-btn)\n        {\n        color: var(--h4-alt-text-color);\n        }\n        .u-body-color h5,.u-palette-1-base h5,.u-palette-1-dark-3 h5,.u-palette-1-dark-2 h5,.u-palette-1-dark-1 h5,.u-palette-1 h5,.u-palette-2-dark-3 h5,.u-palette-2-dark-2 h5,.u-palette-2-dark-1 h5,.u-palette-3-dark-3 h5,.u-palette-3-dark-2 h5,.u-palette-3-dark-1 h5,.u-palette-4-dark-3 h5,.u-palette-4-dark-2 h5,.u-palette-4-dark-1 h5,.u-palette-4 h5,.u-palette-5-dark-3 h5,.u-palette-5-dark-2 h5,.u-palette-5-dark-1 h5,.u-palette-5 h5,.u-grey-40 h5,.u-grey-30 h5,.u-grey-90 h5,.u-grey-80 h5,.u-grey-75 h5,.u-black h5,.u-grey-70 h5,.u-grey-60 h5,.u-grey-50 h5,.u-grey-dark-3 h5,.u-grey-dark-2 h5,.u-grey-dark-1 h5,.u-grey h5,.u-shading h5,.u-overlap-contrast .u-header h5:not(.u-nav-link):not(.u-btn)\n        {\n        color: var(--h5-alt-text-color);\n        }\n        .u-body-color h6,.u-palette-1-base h6,.u-palette-1-dark-3 h6,.u-palette-1-dark-2 h6,.u-palette-1-dark-1 h6,.u-palette-1 h6,.u-palette-2-dark-3 h6,.u-palette-2-dark-2 h6,.u-palette-2-dark-1 h6,.u-palette-3-dark-3 h6,.u-palette-3-dark-2 h6,.u-palette-3-dark-1 h6,.u-palette-4-dark-3 h6,.u-palette-4-dark-2 h6,.u-palette-4-dark-1 h6,.u-palette-4 h6,.u-palette-5-dark-3 h6,.u-palette-5-dark-2 h6,.u-palette-5-dark-1 h6,.u-palette-5 h6,.u-grey-40 h6,.u-grey-30 h6,.u-grey-90 h6,.u-grey-80 h6,.u-grey-75 h6,.u-black h6,.u-grey-70 h6,.u-grey-60 h6,.u-grey-50 h6,.u-grey-dark-3 h6,.u-grey-dark-2 h6,.u-grey-dark-1 h6,.u-grey h6,.u-shading h6,.u-overlap-contrast .u-header h6:not(.u-nav-link):not(.u-btn)\n        {\n        color: var(--h6-alt-text-color);\n        }\n        .u-body-color p.u-large-text,.u-palette-1-base p.u-large-text,.u-palette-1-dark-3 p.u-large-text,.u-palette-1-dark-2 p.u-large-text,.u-palette-1-dark-1 p.u-large-text,.u-palette-1 p.u-large-text,.u-palette-2-dark-3 p.u-large-text,.u-palette-2-dark-2 p.u-large-text,.u-palette-2-dark-1 p.u-large-text,.u-palette-3-dark-3 p.u-large-text,.u-palette-3-dark-2 p.u-large-text,.u-palette-3-dark-1 p.u-large-text,.u-palette-4-dark-3 p.u-large-text,.u-palette-4-dark-2 p.u-large-text,.u-palette-4-dark-1 p.u-large-text,.u-palette-4 p.u-large-text,.u-palette-5-dark-3 p.u-large-text,.u-palette-5-dark-2 p.u-large-text,.u-palette-5-dark-1 p.u-large-text,.u-palette-5 p.u-large-text,.u-grey-40 p.u-large-text,.u-grey-30 p.u-large-text,.u-grey-90 p.u-large-text,.u-grey-80 p.u-large-text,.u-grey-75 p.u-large-text,.u-black p.u-large-text,.u-grey-70 p.u-large-text,.u-grey-60 p.u-large-text,.u-grey-50 p.u-large-text,.u-grey-dark-3 p.u-large-text,.u-grey-dark-2 p.u-large-text,.u-grey-dark-1 p.u-large-text,.u-grey p.u-large-text,.u-shading p.u-large-text,.u-overlap-contrast .u-header p.u-large-text:not(.u-nav-link):not(.u-btn)\n        {\n        color: var(--largeText-alt-text-color);\n        }\n        .u-body-color .u-btn,.u-palette-1-base .u-btn,.u-palette-1-dark-3 .u-btn,.u-palette-1-dark-2 .u-btn,.u-palette-1-dark-1 .u-btn,.u-palette-1 .u-btn,.u-palette-2-dark-3 .u-btn,.u-palette-2-dark-2 .u-btn,.u-palette-2-dark-1 .u-btn,.u-palette-3-dark-3 .u-btn,.u-palette-3-dark-2 .u-btn,.u-palette-3-dark-1 .u-btn,.u-palette-4-dark-3 .u-btn,.u-palette-4-dark-2 .u-btn,.u-palette-4-dark-1 .u-btn,.u-palette-4 .u-btn,.u-palette-5-dark-3 .u-btn,.u-palette-5-dark-2 .u-btn,.u-palette-5-dark-1 .u-btn,.u-palette-5 .u-btn,.u-grey-40 .u-btn,.u-grey-30 .u-btn,.u-grey-90 .u-btn,.u-grey-80 .u-btn,.u-grey-75 .u-btn,.u-black .u-btn,.u-grey-70 .u-btn,.u-grey-60 .u-btn,.u-grey-50 .u-btn,.u-grey-dark-3 .u-btn,.u-grey-dark-2 .u-btn,.u-grey-dark-1 .u-btn,.u-grey .u-btn,.u-shading .u-btn,.u-overlap-contrast .u-header .u-btn\n        {\n        background-color: var(--button-alt-background-color);\n        color: var(--button-alt-color);\n        }\n        .u-body-color .u-btn:hover,.u-palette-1-base .u-btn:hover,.u-palette-1-dark-3 .u-btn:hover,.u-palette-1-dark-2 .u-btn:hover,.u-palette-1-dark-1 .u-btn:hover,.u-palette-1 .u-btn:hover,.u-palette-2-dark-3 .u-btn:hover,.u-palette-2-dark-2 .u-btn:hover,.u-palette-2-dark-1 .u-btn:hover,.u-palette-3-dark-3 .u-btn:hover,.u-palette-3-dark-2 .u-btn:hover,.u-palette-3-dark-1 .u-btn:hover,.u-palette-4-dark-3 .u-btn:hover,.u-palette-4-dark-2 .u-btn:hover,.u-palette-4-dark-1 .u-btn:hover,.u-palette-4 .u-btn:hover,.u-palette-5-dark-3 .u-btn:hover,.u-palette-5-dark-2 .u-btn:hover,.u-palette-5-dark-1 .u-btn:hover,.u-palette-5 .u-btn:hover,.u-grey-40 .u-btn:hover,.u-grey-30 .u-btn:hover,.u-grey-90 .u-btn:hover,.u-grey-80 .u-btn:hover,.u-grey-75 .u-btn:hover,.u-black .u-btn:hover,.u-grey-70 .u-btn:hover,.u-grey-60 .u-btn:hover,.u-grey-50 .u-btn:hover,.u-grey-dark-3 .u-btn:hover,.u-grey-dark-2 .u-btn:hover,.u-grey-dark-1 .u-btn:hover,.u-grey .u-btn:hover,.u-shading .u-btn:hover,.u-overlap-contrast .u-header .u-btn:hover\n        {\n        background-color: var(--button-hover-alt-background-color);\n        color: var(--button-hover-alt-color);\n        }\n        .u-body-color .u-btn:active,.u-palette-1-base .u-btn:active,.u-palette-1-dark-3 .u-btn:active,.u-palette-1-dark-2 .u-btn:active,.u-palette-1-dark-1 .u-btn:active,.u-palette-1 .u-btn:active,.u-palette-2-dark-3 .u-btn:active,.u-palette-2-dark-2 .u-btn:active,.u-palette-2-dark-1 .u-btn:active,.u-palette-3-dark-3 .u-btn:active,.u-palette-3-dark-2 .u-btn:active,.u-palette-3-dark-1 .u-btn:active,.u-palette-4-dark-3 .u-btn:active,.u-palette-4-dark-2 .u-btn:active,.u-palette-4-dark-1 .u-btn:active,.u-palette-4 .u-btn:active,.u-palette-5-dark-3 .u-btn:active,.u-palette-5-dark-2 .u-btn:active,.u-palette-5-dark-1 .u-btn:active,.u-palette-5 .u-btn:active,.u-grey-40 .u-btn:active,.u-grey-30 .u-btn:active,.u-grey-90 .u-btn:active,.u-grey-80 .u-btn:active,.u-grey-75 .u-btn:active,.u-black .u-btn:active,.u-grey-70 .u-btn:active,.u-grey-60 .u-btn:active,.u-grey-50 .u-btn:active,.u-grey-dark-3 .u-btn:active,.u-grey-dark-2 .u-btn:active,.u-grey-dark-1 .u-btn:active,.u-grey .u-btn:active,.u-shading .u-btn:active,.u-overlap-contrast .u-header .u-btn:active\n        {\n        background-color: var(--button-active-alt-background-color);\n        color: var(--button-active-alt-color);\n        }\n        .u-body-color a,.u-palette-1-base a,.u-palette-1-dark-3 a,.u-palette-1-dark-2 a,.u-palette-1-dark-1 a,.u-palette-1 a,.u-palette-2-dark-3 a,.u-palette-2-dark-2 a,.u-palette-2-dark-1 a,.u-palette-3-dark-3 a,.u-palette-3-dark-2 a,.u-palette-3-dark-1 a,.u-palette-4-dark-3 a,.u-palette-4-dark-2 a,.u-palette-4-dark-1 a,.u-palette-4 a,.u-palette-5-dark-3 a,.u-palette-5-dark-2 a,.u-palette-5-dark-1 a,.u-palette-5 a,.u-grey-40 a,.u-grey-30 a,.u-grey-90 a,.u-grey-80 a,.u-grey-75 a,.u-black a,.u-grey-70 a,.u-grey-60 a,.u-grey-50 a,.u-grey-dark-3 a,.u-grey-dark-2 a,.u-grey-dark-1 a,.u-grey a,.u-shading a,.u-overlap-contrast .u-header a:not(.u-nav-link):not(.u-btn)\n        {\n        color: var(--hyperlink-alt-text-color);\n        }\n        .u-body-color a:hover,.u-palette-1-base a:hover,.u-palette-1-dark-3 a:hover,.u-palette-1-dark-2 a:hover,.u-palette-1-dark-1 a:hover,.u-palette-1 a:hover,.u-palette-2-dark-3 a:hover,.u-palette-2-dark-2 a:hover,.u-palette-2-dark-1 a:hover,.u-palette-3-dark-3 a:hover,.u-palette-3-dark-2 a:hover,.u-palette-3-dark-1 a:hover,.u-palette-4-dark-3 a:hover,.u-palette-4-dark-2 a:hover,.u-palette-4-dark-1 a:hover,.u-palette-4 a:hover,.u-palette-5-dark-3 a:hover,.u-palette-5-dark-2 a:hover,.u-palette-5-dark-1 a:hover,.u-palette-5 a:hover,.u-grey-40 a:hover,.u-grey-30 a:hover,.u-grey-90 a:hover,.u-grey-80 a:hover,.u-grey-75 a:hover,.u-black a:hover,.u-grey-70 a:hover,.u-grey-60 a:hover,.u-grey-50 a:hover,.u-grey-dark-3 a:hover,.u-grey-dark-2 a:hover,.u-grey-dark-1 a:hover,.u-grey a:hover\n        {\n        color: var(--hyperlink-hover-alt-text-color);\n        }\n        /** alt-color-rules **/\n    </style><style id=\"font-scheme\" font-scheme=\"Oswald-OpenSans\" heading-font=\"Oswald,sans-serif\" text-font=\"'Open Sans',sans-serif\">.u-body {\n   --text-font: 'Open Sans',sans-serif;\n   --heading-font: Oswald,sans-serif;\n}</style>","appVersion":"4.6.4","isTrial":false}